Number of words,75205
Number of unique words,2311
Average word frequency,32.542190
Entropy,6.149864

Word,Frequency,Proportion,Entropy Term
clean,61,0.000811,0.005773
nice,765,0.010172,0.046671
look,551,0.007327,0.036020
like,921,0.012247,0.053915
did,164,0.002181,0.013364
years,166,0.002207,0.013500
ago,49,0.000652,0.004780
real,79,0.001050,0.007205
great,2364,0.031434,0.108758
light,277,0.003683,0.020641
product,304,0.004042,0.022277
inner,17,0.000226,0.001898
lining,7,0.000093,0.000864
make,126,0.001675,0.010709
shoe,1906,0.025344,0.093145
tighter,12,0.000160,0.001395
terrible,14,0.000186,0.001599
shoes,3584,0.047656,0.145054
expected,457,0.006077,0.031011
thanks,161,0.002141,0.013159
sneaker,113,0.001503,0.009768
nike,773,0.010279,0.047052
love,1397,0.018576,0.074041
mix,4,0.000053,0.000523
colors,156,0.002074,0.012815
white,73,0.000971,0.006734
various,3,0.000040,0.000404
sadly,6,0.000080,0.000753
run,313,0.004162,0.022815
small,488,0.006489,0.032689
size,1272,0.016914,0.069002
narrow,324,0.004308,0.023468
higher,18,0.000239,0.001996
feet,607,0.008071,0.038899
really,475,0.006316,0.031989
wide,243,0.003231,0.018530
bigger,145,0.001928,0.012053
fit,1470,0.019547,0.076915
nikes,179,0.002380,0.014378
order,209,0.002779,0.016357
favorite,109,0.001449,0.009474
design,113,0.001503,0.009768
awesome,325,0.004322,0.023527
color,357,0.004747,0.025398
buying,104,0.001383,0.009104
future,16,0.000213,0.001799
perfect,672,0.008936,0.042155
lot,151,0.002008,0.012470
support,334,0.004441,0.024057
say,114,0.001516,0.009841
airmax,15,0.000199,0.001699
twist,5,0.000066,0.000639
know,104,0.001383,0.009104
fits,321,0.004268,0.023290
little,520,0.006914,0.034393
big,200,0.002659,0.015769
havent,55,0.000731,0.005281
wore,126,0.001675,0.010709
pairs,130,0.001729,0.010995
socks,113,0.001503,0.009768
needed,93,0.001237,0.008280
need,173,0.002300,0.013974
pair,907,0.012060,0.053281
uk,4,0.000053,0.000523
sneakers,274,0.003643,0.020457
came,175,0.002327,0.014109
dirty,38,0.000505,0.003835
ankle,84,0.001117,0.007592
ordered,293,0.003896,0.021614
old,215,0.002859,0.016745
disappointed,61,0.000811,0.005773
returning,26,0.000346,0.002755
bought,514,0.006835,0.034076
daughter,127,0.001689,0.010780
wife,34,0.000452,0.003482
knowing,5,0.000066,0.000639
day,356,0.004734,0.025340
doesnt,81,0.001077,0.007360
comes,25,0.000332,0.002662
going,85,0.001130,0.007669
surprise,9,0.000120,0.001081
having,44,0.000585,0.004355
air,224,0.002979,0.017324
max,87,0.001157,0.007823
thank,148,0.001968,0.012262
adorable,7,0.000093,0.000864
kicks,44,0.000585,0.004355
maybe,55,0.000731,0.005281
half,237,0.003151,0.018152
cost,22,0.000293,0.002380
stated,13,0.000173,0.001497
yellow,12,0.000160,0.001395
states,6,0.000080,0.000753
looks,227,0.003018,0.017516
unhappy,4,0.000053,0.000523
brought,20,0.000266,0.002189
certain,9,0.000120,0.001081
outfit,6,0.000080,0.000753
um,5,0.000066,0.000639
purchase,175,0.002327,0.014109
plus,47,0.000625,0.004611
charged,5,0.000066,0.000639
tells,6,0.000080,0.000753
fixed,9,0.000120,0.001081
womens,55,0.000731,0.005281
received,107,0.001423,0.009327
mens,56,0.000745,0.005363
wasnt,42,0.000558,0.004183
picture,58,0.000771,0.005528
way,193,0.002566,0.015309
yes,24,0.000319,0.002569
return,140,0.001862,0.011702
problems,47,0.000625,0.004611
getting,77,0.001024,0.007048
refund,16,0.000213,0.001799
feel,377,0.005013,0.026547
walk,103,0.001370,0.009030
different,143,0.001901,0.011913
sizes,70,0.000931,0.006496
glad,58,0.000771,0.005528
able,58,0.000771,0.005528
left,58,0.000771,0.005528
thinks,6,0.000080,0.000753
version,34,0.000452,0.003482
versions,5,0.000066,0.000639
maxes,4,0.000053,0.000523
ill,46,0.000612,0.004526
super,178,0.002367,0.014311
careful,6,0.000080,0.000753
babies,4,0.000053,0.000523
man,18,0.000239,0.001996
returned,60,0.000798,0.005691
ran,40,0.000532,0.004010
pain,42,0.000558,0.004183
paid,33,0.000439,0.003393
initial,5,0.000066,0.000639
shipping,187,0.002487,0.014911
incredible,7,0.000093,0.000864
tight,257,0.003417,0.019407
time,460,0.006117,0.031175
wear,767,0.010199,0.046766
laces,92,0.001223,0.008204
untied,5,0.000066,0.000639
loose,32,0.000426,0.003303
break,91,0.001210,0.008128
better,206,0.002739,0.016161
satisfied,86,0.001144,0.007746
fitted,20,0.000266,0.002189
box,179,0.002380,0.014378
crushed,5,0.000066,0.000639
minor,7,0.000093,0.000864
damage,5,0.000066,0.000639
think,117,0.001556,0.010059
excellent,339,0.004508,0.024350
woman,8,0.000106,0.000973
mans,4,0.000053,0.000523
heel,82,0.001090,0.007438
smaller,109,0.001449,0.009474
major,10,0.000133,0.001187
spine,4,0.000053,0.000523
surgery,12,0.000160,0.001395
total,13,0.000173,0.001497
knee,11,0.000146,0.001292
replacements,4,0.000053,0.000523
use,189,0.002513,0.015044
treadmill,9,0.000120,0.001081
comfort,143,0.001901,0.011913
ability,5,0.000066,0.000639
complete,9,0.000120,0.001081
physical,3,0.000040,0.000404
discomfort,13,0.000173,0.001497
amazons,6,0.000080,0.000753
customer,24,0.000319,0.002569
service,72,0.000957,0.006655
days,98,0.001303,0.008657
hours,72,0.000957,0.006655
delivery,123,0.001636,0.010493
worth,94,0.001250,0.008355
penny,14,0.000186,0.001599
pay,47,0.000625,0.004611
gives,13,0.000173,0.001497
stability,33,0.000439,0.003393
cushioning,47,0.000625,0.004611
durability,21,0.000279,0.002285
happy,285,0.003790,0.021129
absolutely,94,0.001250,0.008355
superior,8,0.000106,0.000973
following,4,0.000053,0.000523
reasons,6,0.000080,0.000753
width,97,0.001290,0.008581
significantly,5,0.000066,0.000639
limited,8,0.000106,0.000973
flexibility,8,0.000106,0.000973
toes,83,0.001104,0.007515
point,31,0.000412,0.003213
outbr,5,0.000066,0.000639
stride,5,0.000066,0.000639
neutral,10,0.000133,0.001187
cushion,47,0.000625,0.004611
level,10,0.000133,0.001187
range,14,0.000186,0.001599
category,3,0.000040,0.000404
weight,99,0.001316,0.008732
combination,10,0.000133,0.001187
fantastic,40,0.000532,0.004010
outstanding,13,0.000173,0.001497
appears,9,0.000120,0.001081
experienced,7,0.000093,0.000864
orthopedic,5,0.000066,0.000639
definitely,138,0.001835,0.011562
money,82,0.001090,0.007438
sole,123,0.001636,0.010493
style,176,0.002340,0.014176
good,1358,0.018057,0.072486
everyday,51,0.000678,0.004948
beautiful,65,0.000864,0.006096
purchased,148,0.001968,0.012262
today,31,0.000412,0.003213
heels,10,0.000133,0.001187
perfectly,173,0.002300,0.013974
slippage,7,0.000093,0.000864
soles,64,0.000851,0.006016
wonderful,32,0.000426,0.003303
toe,145,0.001928,0.012053
gave,48,0.000638,0.004695
ample,4,0.000053,0.000523
room,63,0.000838,0.005935
appearance,9,0.000120,0.001081
knees,11,0.000146,0.001292
perform,9,0.000120,0.001081
exercises,4,0.000053,0.000523
updated,3,0.000040,0.000404
information,5,0.000066,0.000639
company,13,0.000173,0.001497
sent,31,0.000412,0.003213
star,34,0.000452,0.003482
grandson,97,0.001290,0.008581
person,52,0.000691,0.005031
comfortable,1609,0.021395,0.082255
theyre,164,0.002181,0.013364
stylish,83,0.001104,0.007515
deal,55,0.000731,0.005281
fake,50,0.000665,0.004864
foot,364,0.004840,0.025802
want,123,0.001636,0.010493
cross,22,0.000293,0.002380
training,47,0.000625,0.004611
instantly,4,0.000053,0.000523
noticed,22,0.000293,0.002380
grip,67,0.000891,0.006257
gym,82,0.001090,0.007438
wearing,222,0.002952,0.017196
running,387,0.005146,0.027117
leg,12,0.000160,0.001395
starting,11,0.000146,0.001292
hurt,67,0.000891,0.006257
constantly,13,0.000173,0.001497
hoping,31,0.000412,0.003213
help,43,0.000572,0.004269
ive,302,0.004016,0.022157
compliments,107,0.001423,0.009327
bo,4,0.000053,0.000523
second,117,0.001556,0.010059
jordans,82,0.001090,0.007438
fresh,16,0.000213,0.001799
def,5,0.000066,0.000639
jersey,3,0.000040,0.000404
far,111,0.001476,0.009621
snug,118,0.001569,0.010132
exact,32,0.000426,0.003303
laced,4,0.000053,0.000523
strap,32,0.000426,0.003303
offer,17,0.000226,0.001898
slightly,68,0.000904,0.006337
totally,28,0.000372,0.002940
sort,8,0.000106,0.000973
usually,97,0.001290,0.008581
right,213,0.002832,0.016616
fly,15,0.000199,0.001699
early,29,0.000386,0.003031
colorway,11,0.000146,0.001292
nicely,26,0.000346,0.002755
probably,57,0.000758,0.005446
bother,12,0.000160,0.001395
pinky,12,0.000160,0.001395
usebr,3,0.000040,0.000404
lack,8,0.000106,0.000973
word,5,0.000066,0.000639
hyper,5,0.000066,0.000639
teal,3,0.000040,0.000404
trainers,30,0.000399,0.003122
regret,5,0.000066,0.000639
scheme,11,0.000146,0.001292
favorites,4,0.000053,0.000523
productbr,4,0.000053,0.000523
pop,6,0.000080,0.000753
arrived,142,0.001888,0.011843
seller,105,0.001396,0.009179
huge,23,0.000306,0.002475
upgrade,5,0.000066,0.000639
basketball,122,0.001622,0.010421
comfy,162,0.002154,0.013227
hard,111,0.001476,0.009621
surfaces,4,0.000053,0.000523
area,48,0.000638,0.004695
everytime,5,0.000066,0.000639
play,91,0.001210,0.008128
pretty,105,0.001396,0.009179
tough,12,0.000160,0.001395
tennis,59,0.000785,0.005610
used,126,0.001675,0.010709
court,33,0.000439,0.003393
theyll,13,0.000173,0.001497
week,93,0.001237,0.008280
looking,300,0.003989,0.022037
true,106,0.001409,0.009253
life,22,0.000293,0.002380
larger,136,0.001808,0.011421
normally,67,0.000891,0.006257
boy,28,0.000372,0.002940
description,17,0.000226,0.001898
correct,25,0.000332,0.002662
written,6,0.000080,0.000753
kid,39,0.000519,0.003923
save,10,0.000133,0.001187
boxes,4,0.000053,0.000523
mail,13,0.000173,0.001497
lil,19,0.000253,0.002093
comfortably,29,0.000386,0.003031
actually,73,0.000971,0.006734
numerous,6,0.000080,0.000753
par,5,0.000066,0.000639
recommend,221,0.002939,0.017132
ok,80,0.001064,0.007282
year,184,0.002447,0.014712
walking,184,0.002447,0.014712
long,176,0.002340,0.014176
replaced,11,0.000146,0.001292
highly,85,0.001130,0.007669
recommended,50,0.000665,0.004864
end,35,0.000465,0.003571
started,50,0.000665,0.004864
excelente,58,0.000771,0.005528
thicker,18,0.000239,0.001996
normal,81,0.001077,0.007360
insole,25,0.000332,0.002662
slippersbr,3,0.000040,0.000404
br,217,0.002885,0.016874
sore,10,0.000133,0.001187
tired,17,0.000226,0.001898
feeling,28,0.000372,0.002940
rest,12,0.000160,0.001395
airs,3,0.000040,0.000404
thinner,8,0.000106,0.000973
felt,82,0.001090,0.007438
tongue,66,0.000878,0.006177
attach,3,0.000040,0.000404
tried,95,0.001263,0.008431
walked,26,0.000346,0.002755
house,37,0.000492,0.003748
caused,4,0.000053,0.000523
blisters,30,0.000399,0.003122
thought,84,0.001117,0.007592
went,78,0.001037,0.007127
notice,15,0.000199,0.001699
dress,9,0.000120,0.001081
disappointment,8,0.000106,0.000973
husband,156,0.002074,0.012815
enjoy,25,0.000332,0.002662
forward,22,0.000293,0.002380
using,41,0.000545,0.004097
daily,28,0.000372,0.002940
exercise,16,0.000213,0.001799
rating,11,0.000146,0.001292
try,80,0.001064,0.007282
works,38,0.000505,0.003835
says,76,0.001011,0.006970
tho,11,0.000146,0.001292
quick,70,0.000931,0.006496
footwear,15,0.000199,0.001699
vibrant,13,0.000173,0.001497
value,35,0.000465,0.003571
delivered,61,0.000811,0.005773
classic,36,0.000479,0.003659
wanted,132,0.001755,0.011137
colorways,4,0.000053,0.000523
didnt,174,0.002314,0.014042
sacrifice,3,0.000040,0.000404
series,10,0.000133,0.001187
amazing,121,0.001609,0.010349
solid,37,0.000492,0.003748
shorts,19,0.000253,0.002093
jeans,19,0.000253,0.002093
best,257,0.003417,0.019407
minute,6,0.000080,0.000753
loved,207,0.002752,0.016227
sides,39,0.000519,0.003923
luck,6,0.000080,0.000753
extremely,101,0.001343,0.008881
ended,22,0.000293,0.002380
runs,106,0.001409,0.009253
beware,10,0.000133,0.001187
pleased,79,0.001050,0.007205
fashionable,5,0.000066,0.000639
maxs,5,0.000066,0.000639
workout,25,0.000332,0.002662
colour,9,0.000120,0.001081
happened,10,0.000133,0.001187
price,385,0.005119,0.027003
available,34,0.000452,0.003482
amazingly,10,0.000133,0.001187
excelent,38,0.000505,0.003835
men,12,0.000160,0.001395
worried,14,0.000186,0.001599
wonderfully,3,0.000040,0.000404
issues,50,0.000665,0.004864
plantar,10,0.000133,0.001187
fasciitis,5,0.000066,0.000639
damaged,14,0.000186,0.001599
confortable,28,0.000372,0.002940
bad,97,0.001290,0.008581
defect,11,0.000146,0.001292
impact,13,0.000173,0.001497
premium,4,0.000053,0.000523
materials,21,0.000279,0.002285
built,11,0.000146,0.001292
liner,10,0.000133,0.001187
blister,11,0.000146,0.001292
causing,6,0.000080,0.000753
expect,56,0.000745,0.005363
ask,17,0.000226,0.001898
arch,152,0.002021,0.012539
youd,6,0.000080,0.000753
longer,55,0.000731,0.005281
eventually,13,0.000173,0.001497
feels,106,0.001409,0.009253
youre,39,0.000519,0.003923
boyfriend,38,0.000505,0.003835
boss,3,0.000040,0.000404
thrilled,20,0.000266,0.002189
goes,18,0.000239,0.001996
womans,3,0.000040,0.000404
eye,7,0.000093,0.000864
fat,8,0.000106,0.000973
anytime,3,0.000040,0.000404
suggest,23,0.000306,0.002475
ðŸ˜,11,0.000146,0.001292
pool,7,0.000093,0.000864
trying,40,0.000532,0.004010
slippers,24,0.000319,0.002569
ladies,5,0.000066,0.000639
kind,30,0.000399,0.003122
work,177,0.002354,0.014243
months,92,0.001223,0.008204
apart,31,0.000412,0.003213
boots,48,0.000638,0.004695
goadome,3,0.000040,0.000404
twice,21,0.000279,0.002285
trips,3,0.000040,0.000404
count,3,0.000040,0.000404
boot,34,0.000452,0.003482
construction,18,0.000239,0.001996
sites,3,0.000040,0.000404
worn,179,0.002380,0.014378
fall,12,0.000160,0.001395
concern,5,0.000066,0.000639
job,48,0.000638,0.004695
site,8,0.000106,0.000973
hope,39,0.000519,0.003923
telling,6,0.000080,0.000753
makes,70,0.000931,0.006496
red,61,0.000811,0.005773
market,9,0.000120,0.001081
key,5,0.000066,0.000639
bubble,4,0.000053,0.000523
ventilation,10,0.000133,0.001187
hot,44,0.000585,0.004355
hopefully,10,0.000133,0.001187
brand,80,0.001064,0.007282
son,545,0.007247,0.035707
stretched,13,0.000173,0.001497
personally,9,0.000120,0.001081
acg,3,0.000040,0.000404
tech,4,0.000053,0.000523
material,75,0.000997,0.006892
resistant,8,0.000106,0.000973
weather,20,0.000266,0.002189
stains,4,0.000053,0.000523
spots,5,0.000066,0.000639
lasting,5,0.000066,0.000639
winter,13,0.000173,0.001497
loves,560,0.007446,0.036487
decided,31,0.000412,0.003213
loosen,17,0.000226,0.001898
rubbing,11,0.000146,0.001292
bone,12,0.000160,0.001395
ate,3,0.000040,0.000404
kept,23,0.000306,0.002475
dry,35,0.000465,0.003571
rain,11,0.000146,0.001292
ðŸ,16,0.000213,0.001799
quality,260,0.003457,0.019593
wish,90,0.001197,0.008052
creases,5,0.000066,0.000639
quickly,59,0.000785,0.005610
amazon,141,0.001875,0.011773
okay,31,0.000412,0.003213
starts,11,0.000146,0.001292
rip,11,0.000146,0.001292
clear,10,0.000133,0.001187
plastic,18,0.000239,0.001996
outer,7,0.000093,0.000864
hurts,14,0.000186,0.001599
mid,10,0.000133,0.001187
hour,21,0.000279,0.002285
playing,53,0.000705,0.005115
ball,46,0.000612,0.004526
dunks,12,0.000160,0.001395
heard,8,0.000106,0.000973
lightweight,89,0.001183,0.007976
people,65,0.000864,0.006096
achilles,10,0.000133,0.001187
tendon,4,0.000053,0.000523
making,35,0.000465,0.003571
impossible,5,0.000066,0.000639
entire,12,0.000160,0.001395
games,14,0.000186,0.001599
luv,10,0.000133,0.001187
sooo,7,0.000093,0.000864
short,35,0.000465,0.003571
lovely,7,0.000093,0.000864
texture,5,0.000066,0.000639
surprised,18,0.000239,0.001996
wanting,6,0.000080,0.000753
finally,29,0.000386,0.003031
em,59,0.000785,0.005610
exactly,139,0.001848,0.011632
crimson,4,0.000053,0.000523
pink,33,0.000439,0.003393
said,120,0.001596,0.010277
wait,32,0.000426,0.003303
times,59,0.000785,0.005610
junk,3,0.000040,0.000404
hands,9,0.000120,0.001081
rare,8,0.000106,0.000973
simply,19,0.000253,0.002093
narrower,15,0.000199,0.001699
lots,25,0.000332,0.002662
advertised,31,0.000412,0.003213
fine,95,0.001263,0.008431
odd,8,0.000106,0.000973
inside,51,0.000678,0.004948
shoebr,9,0.000120,0.001081
smell,4,0.000053,0.000523
noticeably,5,0.000066,0.000639
worse,7,0.000093,0.000864
taking,3,0.000040,0.000404
spray,3,0.000040,0.000404
sell,8,0.000106,0.000973
balls,7,0.000093,0.000864
leather,71,0.000944,0.006576
month,45,0.000598,0.004441
later,26,0.000346,0.002755
wont,45,0.000598,0.004441
wiggle,9,0.000120,0.001081
leaving,3,0.000040,0.000404
recently,15,0.000199,0.001699
fast,238,0.003165,0.018215
lift,12,0.000160,0.001395
walks,17,0.000226,0.001898
black,115,0.001529,0.009914
allow,12,0.000160,0.001395
ton,6,0.000080,0.000753
care,17,0.000226,0.001898
stars,50,0.000665,0.004864
theses,8,0.000106,0.000973
casual,37,0.000492,0.003748
shoesi,7,0.000093,0.000864
turning,3,0.000040,0.000404
heads,5,0.000066,0.000639
summer,48,0.000638,0.004695
liked,70,0.000931,0.006496
darker,5,0.000066,0.000639
complaints,46,0.000612,0.004526
lunar,28,0.000372,0.002940
stands,4,0.000053,0.000523
water,30,0.000399,0.003122
breathable,22,0.000293,0.002380
does,68,0.000904,0.006337
sweat,11,0.000146,0.001292
problem,84,0.001117,0.007592
shock,6,0.000080,0.000753
crazy,10,0.000133,0.001187
rx,4,0.000053,0.000523
comment,8,0.000106,0.000973
selling,12,0.000160,0.001395
authentic,48,0.000638,0.004695
checked,5,0.000066,0.000639
stamp,3,0.000040,0.000404
sticker,4,0.000053,0.000523
model,45,0.000598,0.004441
number,12,0.000160,0.001395
spot,12,0.000160,0.001395
buyers,7,0.000093,0.000864
thing,78,0.001037,0.007127
swoosh,16,0.000213,0.001799
ones,98,0.001303,0.008657
soul,3,0.000040,0.000404
sells,4,0.000053,0.000523
ethics,3,0.000040,0.000404
expensive,44,0.000585,0.004355
looked,63,0.000838,0.005935
shipped,50,0.000665,0.004864
earlier,29,0.000386,0.003031
review,37,0.000492,0.003748
whats,3,0.000040,0.000404
heat,8,0.000106,0.000973
professional,5,0.000066,0.000639
reasonable,18,0.000239,0.001996
priced,14,0.000186,0.001599
force,24,0.000319,0.002569
afford,6,0.000080,0.000753
disabled,3,0.000040,0.000404
food,7,0.000093,0.000864
large,78,0.001037,0.007127
match,17,0.000226,0.001898
added,13,0.000173,0.001497
extra,54,0.000718,0.005198
memory,9,0.000120,0.001081
foam,17,0.000226,0.001898
insert,13,0.000173,0.001497
helps,19,0.000253,0.002093
reason,46,0.000612,0.004526
coming,13,0.000173,0.001497
stitch,3,0.000040,0.000404
dressed,3,0.000040,0.000404
replace,21,0.000279,0.002285
stiff,36,0.000479,0.003659
legs,10,0.000133,0.001187
fair,8,0.000106,0.000973
reviews,66,0.000878,0.006177
kick,8,0.000106,0.000973
china,9,0.000120,0.001081
percent,3,0.000040,0.000404
orders,6,0.000080,0.000753
credit,3,0.000040,0.000404
takes,18,0.000239,0.001996
pounding,4,0.000053,0.000523
active,15,0.000199,0.001699
past,45,0.000598,0.004441
miles,59,0.000785,0.005610
breaking,21,0.000279,0.002285
suspect,3,0.000040,0.000404
wellbr,7,0.000093,0.000864
fathers,14,0.000186,0.001599
bueno,5,0.000066,0.000639
reading,18,0.000239,0.001996
ordering,52,0.000691,0.005031
online,51,0.000678,0.004948
somewhat,61,0.000811,0.005773
closet,5,0.000066,0.000639
expectedbr,7,0.000093,0.000864
prompt,9,0.000120,0.001081
surprisingly,9,0.000120,0.001081
reorder,8,0.000106,0.000973
sure,102,0.001356,0.008956
stock,13,0.000173,0.001497
live,16,0.000213,0.001799
beast,3,0.000040,0.000404
muy,14,0.000186,0.001599
bien,7,0.000093,0.000864
easy,72,0.000957,0.006655
snickers,4,0.000053,0.000523
owned,102,0.001356,0.008956
easier,8,0.000106,0.000973
tell,37,0.000492,0.003748
baby,17,0.000226,0.001898
blue,37,0.000492,0.003748
cause,33,0.000439,0.003393
expecting,27,0.000359,0.002848
remember,12,0.000160,0.001395
pricey,15,0.000199,0.001699
couple,73,0.000971,0.006734
oh,24,0.000319,0.002569
beaten,3,0.000040,0.000404
package,16,0.000213,0.001799
blood,3,0.000040,0.000404
flow,4,0.000053,0.000523
breath,7,0.000093,0.000864
uncomfortable,55,0.000731,0.005281
jr,3,0.000040,0.000404
nervous,3,0.000040,0.000404
internet,5,0.000066,0.000639
retro,21,0.000279,0.002285
head,11,0.000146,0.001292
turner,4,0.000053,0.000523
told,25,0.000332,0.002662
bucks,9,0.000120,0.001081
let,26,0.000346,0.002755
nearly,7,0.000093,0.000864
cheap,34,0.000452,0.003482
regrets,5,0.000066,0.000639
holes,58,0.000771,0.005528
rubber,22,0.000293,0.002380
experience,34,0.000452,0.003482
sturdy,15,0.000199,0.001699
doing,26,0.000346,0.002755
rounds,15,0.000199,0.001699
accurate,17,0.000226,0.001898
estimate,3,0.000040,0.000404
july,5,0.000066,0.000639
thy,3,0.000040,0.000404
lucky,5,0.000066,0.000639
kids,46,0.000612,0.004526
stores,39,0.000519,0.003923
hopes,4,0.000053,0.000523
beginning,8,0.000106,0.000973
school,75,0.000997,0.006892
thinking,15,0.000199,0.001699
lite,13,0.000173,0.001497
styles,6,0.000080,0.000753
worked,24,0.000319,0.002569
stop,19,0.000253,0.002093
disappoint,10,0.000133,0.001187
lets,8,0.000106,0.000973
attractive,10,0.000133,0.001187
sleek,4,0.000053,0.000523
sports,28,0.000372,0.002940
appropriate,4,0.000053,0.000523
grew,6,0.000080,0.000753
shorter,8,0.000106,0.000973
swell,3,0.000040,0.000404
soon,27,0.000359,0.002848
ðŸ¯,3,0.000040,0.000404
needs,26,0.000346,0.002755
asking,10,0.000133,0.001187
overall,99,0.001316,0.008732
usual,33,0.000439,0.003393
slipping,13,0.000173,0.001497
hitting,4,0.000053,0.000523
gift,92,0.001223,0.008204
provide,54,0.000718,0.005198
tailwind,7,0.000093,0.000864
broke,27,0.000359,0.002848
seeing,10,0.000133,0.001187
wider,65,0.000864,0.006096
wished,7,0.000093,0.000864
cm,4,0.000053,0.000523
space,10,0.000133,0.001187
pointed,4,0.000053,0.000523
rounded,4,0.000053,0.000523
slight,8,0.000106,0.000973
doctor,5,0.000066,0.000639
mainly,5,0.000066,0.000639
fashion,10,0.000133,0.001187
asics,18,0.000239,0.001996
gladly,3,0.000040,0.000404
ships,4,0.000053,0.000523
american,3,0.000040,0.000404
products,13,0.000173,0.001497
shows,15,0.000199,0.001699
words,4,0.000053,0.000523
bulky,5,0.000066,0.000639
high,118,0.001569,0.010132
fix,14,0.000186,0.001599
general,12,0.000160,0.001395
theres,17,0.000226,0.001898
talk,3,0.000040,0.000404
feed,3,0.000040,0.000404
friend,25,0.000332,0.002662
cushioned,19,0.000253,0.002093
older,15,0.000199,0.001699
relatively,6,0.000080,0.000753
durable,67,0.000891,0.006257
actual,26,0.000346,0.002755
length,29,0.000386,0.003031
previous,31,0.000412,0.003213
puma,6,0.000080,0.000753
require,8,0.000106,0.000973
choice,30,0.000399,0.003122
runner,24,0.000319,0.002569
stretch,49,0.000652,0.004780
especially,45,0.000598,0.004441
hospital,3,0.000040,0.000404
heavier,6,0.000080,0.000753
continue,15,0.000199,0.001699
working,32,0.000426,0.003303
smart,6,0.000080,0.000753
present,15,0.000199,0.001699
wears,112,0.001489,0.009694
clown,5,0.000066,0.000639
exchanged,5,0.000066,0.000639
inch,10,0.000133,0.001187
forgot,7,0.000093,0.000864
mention,10,0.000133,0.001187
issue,39,0.000519,0.003923
likes,71,0.000944,0.006576
store,83,0.001104,0.007515
green,21,0.000279,0.002285
bright,37,0.000492,0.003748
legit,17,0.000226,0.001898
dope,20,0.000266,0.002189
tends,7,0.000093,0.000864
roomy,5,0.000066,0.000639
enjoying,8,0.000106,0.000973
cloud,7,0.000093,0.000864
glove,35,0.000465,0.003571
tab,3,0.000040,0.000404
original,34,0.000452,0.003482
sale,17,0.000226,0.001898
item,74,0.000984,0.006813
fastest,3,0.000040,0.000404
jus,5,0.000066,0.000639
away,44,0.000585,0.004355
compared,32,0.000426,0.003303
massage,5,0.000066,0.000639
greatbr,7,0.000093,0.000864
update,18,0.000239,0.001996
weeks,31,0.000412,0.003213
blew,4,0.000053,0.000523
warranty,3,0.000040,0.000404
holds,7,0.000093,0.000864
current,12,0.000160,0.001395
difference,15,0.000199,0.001699
tear,16,0.000213,0.001799
fabric,21,0.000279,0.002285
gotten,38,0.000505,0.003835
alot,15,0.000199,0.001699
gymbr,3,0.000040,0.000404
noticeable,8,0.000106,0.000973
glue,21,0.000279,0.002285
mesh,45,0.000598,0.004441
yesterday,9,0.000120,0.001081
florida,5,0.000066,0.000639
lime,4,0.000053,0.000523
rocks,3,0.000040,0.000404
january,4,0.000053,0.000523
disney,3,0.000040,0.000404
world,7,0.000093,0.000864
negative,8,0.000106,0.000973
moment,9,0.000120,0.001081
including,4,0.000053,0.000523
models,7,0.000093,0.000864
fitting,36,0.000479,0.003659
body,3,0.000040,0.000404
heavy,24,0.000319,0.002569
shoesbr,13,0.000173,0.001497
described,50,0.000665,0.004864
hardly,4,0.000053,0.000523
clearly,6,0.000080,0.000753
lint,3,0.000040,0.000404
tread,14,0.000186,0.001599
fact,29,0.000386,0.003031
outside,32,0.000426,0.003303
bottoms,8,0.000106,0.000973
neon,12,0.000160,0.001395
father,8,0.000106,0.000973
important,13,0.000173,0.001497
performance,19,0.000253,0.002093
strings,5,0.000066,0.000639
grow,21,0.000279,0.002285
stand,27,0.000359,0.002848
steel,3,0.000040,0.000404
silver,9,0.000120,0.001081
initially,7,0.000093,0.000864
took,51,0.000678,0.004948
effort,5,0.000066,0.000639
rubs,7,0.000093,0.000864
tops,8,0.000106,0.000973
period,13,0.000173,0.001497
ready,4,0.000053,0.000523
firm,9,0.000120,0.001081
sock,17,0.000226,0.001898
tie,15,0.000199,0.001699
quicker,9,0.000120,0.001081
hold,33,0.000439,0.003393
fitness,6,0.000080,0.000753
center,3,0.000040,0.000404
cleats,71,0.000944,0.006576
played,48,0.000638,0.004695
complaining,5,0.000066,0.000639
beat,26,0.000346,0.002755
grate,3,0.000040,0.000404
knew,25,0.000332,0.002662
animal,3,0.000040,0.000404
website,10,0.000133,0.001187
nikecom,3,0.000040,0.000404
warmer,3,0.000040,0.000404
knit,6,0.000080,0.000753
exercising,3,0.000040,0.000404
goo,3,0.000040,0.000404
specifically,6,0.000080,0.000753
clouds,13,0.000173,0.001497
beats,3,0.000040,0.000404
stating,4,0.000053,0.000523
pegasus,28,0.000372,0.002940
nimbus,3,0.000040,0.000404
brooks,8,0.000106,0.000973
closest,3,0.000040,0.000404
complaint,26,0.000346,0.002755
dang,6,0.000080,0.000753
mentioned,13,0.000173,0.001497
reflective,4,0.000053,0.000523
print,10,0.000133,0.001187
isnt,29,0.000386,0.003031
pics,5,0.000066,0.000639
search,5,0.000066,0.000639
bummer,4,0.000053,0.000523
pictures,15,0.000199,0.001699
indoor,26,0.000346,0.002755
track,10,0.000133,0.001187
touch,11,0.000146,0.001292
realize,14,0.000186,0.001599
research,7,0.000093,0.000864
wet,39,0.000519,0.003923
previously,8,0.000106,0.000973
differently,5,0.000066,0.000639
rub,17,0.000226,0.001898
regular,62,0.000824,0.005854
cold,5,0.000066,0.000639
stuff,20,0.000266,0.002189
proof,4,0.000053,0.000523
home,15,0.000199,0.001699
line,27,0.000359,0.002848
photo,12,0.000160,0.001395
rotate,3,0.000040,0.000404
forth,3,0.000040,0.000404
feetbr,10,0.000133,0.001187
type,29,0.000386,0.003031
soft,64,0.000851,0.006016
ride,5,0.000066,0.000639
theme,4,0.000053,0.000523
park,4,0.000053,0.000523
breathe,15,0.000199,0.001699
suede,13,0.000173,0.001497
nylon,7,0.000093,0.000864
remain,4,0.000053,0.000523
typically,18,0.000239,0.001996
fan,44,0.000585,0.004355
provides,18,0.000239,0.001996
practically,4,0.000053,0.000523
shown,15,0.000199,0.001699
lasted,45,0.000598,0.004441
saying,11,0.000146,0.001292
simple,15,0.000199,0.001699
depending,7,0.000093,0.000864
consider,8,0.000106,0.000973
dark,17,0.000226,0.001898
discovered,4,0.000053,0.000523
sucks,4,0.000053,0.000523
werent,18,0.000239,0.001996
close,18,0.000239,0.001996
requested,4,0.000053,0.000523
expense,4,0.000053,0.000523
restocking,3,0.000040,0.000404
fee,7,0.000093,0.000864
squeak,18,0.000239,0.001996
tile,3,0.000040,0.000404
floors,9,0.000120,0.001081
holding,11,0.000146,0.001292
shipment,12,0.000160,0.001395
decent,19,0.000253,0.002093
currently,10,0.000133,0.001187
preferred,7,0.000093,0.000864
logged,3,0.000040,0.000404
medium,9,0.000120,0.001081
distances,5,0.000066,0.000639
marathon,7,0.000093,0.000864
alternate,4,0.000053,0.000523
wearer,3,0.000040,0.000404
distance,9,0.000120,0.001081
runners,10,0.000133,0.001187
discontinued,13,0.000173,0.001497
thembr,9,0.000120,0.001081
cheaper,29,0.000386,0.003031
padded,16,0.000213,0.001799
ground,21,0.000279,0.002285
vomeros,4,0.000053,0.000523
theyve,7,0.000093,0.000864
brands,29,0.000386,0.003031
padding,21,0.000279,0.002285
come,49,0.000652,0.004780
squishy,4,0.000053,0.000523
numb,3,0.000040,0.000404
turns,4,0.000053,0.000523
stable,18,0.000239,0.001996
pad,3,0.000040,0.000404
stay,35,0.000465,0.003571
lightest,3,0.000040,0.000404
arent,22,0.000293,0.002380
coolest,6,0.000080,0.000753
round,26,0.000346,0.002755
changing,7,0.000093,0.000864
according,6,0.000080,0.000753
dog,8,0.000106,0.000973
town,10,0.000133,0.001187
climbing,3,0.000040,0.000404
means,7,0.000093,0.000864
particularly,4,0.000053,0.000523
throw,7,0.000093,0.000864
wash,8,0.000106,0.000973
straight,18,0.000239,0.001996
pack,4,0.000053,0.000523
mud,4,0.000053,0.000523
basis,3,0.000040,0.000404
assume,5,0.000066,0.000639
approximately,3,0.000040,0.000404
finding,15,0.000199,0.001699
anymore,18,0.000239,0.001996
sit,3,0.000040,0.000404
hits,4,0.000053,0.000523
score,5,0.000066,0.000639
options,7,0.000093,0.000864
enjoyed,7,0.000093,0.000864
jog,7,0.000093,0.000864
difficult,11,0.000146,0.001292
pull,11,0.000146,0.001292
imagine,7,0.000093,0.000864
ways,4,0.000053,0.000523
soften,5,0.000066,0.000639
adjust,8,0.000106,0.000973
lacing,6,0.000080,0.000753
late,7,0.000093,0.000864
outlet,12,0.000160,0.001395
tend,14,0.000186,0.001599
manufactured,6,0.000080,0.000753
vietnam,4,0.000053,0.000523
till,4,0.000053,0.000523
pavement,4,0.000053,0.000523
trails,4,0.000053,0.000523
proven,3,0.000040,0.000404
arthritic,3,0.000040,0.000404
giving,19,0.000253,0.002093
trouble,5,0.000066,0.000639
obviously,7,0.000093,0.000864
helped,19,0.000253,0.002093
admit,3,0.000040,0.000404
progressively,3,0.000040,0.000404
unique,10,0.000133,0.001187
prefer,19,0.000253,0.002093
traditional,11,0.000146,0.001292
switch,6,0.000080,0.000753
power,3,0.000040,0.000404
nurse,4,0.000053,0.000523
quite,53,0.000705,0.005115
mile,6,0.000080,0.000753
spends,4,0.000053,0.000523
double,12,0.000160,0.001395
difficulty,3,0.000040,0.000404
charge,5,0.000066,0.000639
midsole,4,0.000053,0.000523
read,39,0.000519,0.003923
terrific,7,0.000093,0.000864
pick,9,0.000120,0.001081
focus,3,0.000040,0.000404
speed,6,0.000080,0.000753
army,5,0.000066,0.000639
activity,7,0.000093,0.000864
hoped,6,0.000080,0.000753
bring,6,0.000080,0.000753
exellent,5,0.000066,0.000639
outdoor,11,0.000146,0.001292
traction,55,0.000731,0.005281
forever,8,0.000106,0.000973
nasty,3,0.000040,0.000404
note,21,0.000279,0.002285
process,6,0.000080,0.000753
smooth,11,0.000146,0.001292
amazoncom,6,0.000080,0.000753
timely,16,0.000213,0.001799
manner,6,0.000080,0.000753
lebrons,7,0.000093,0.000864
kobes,4,0.000053,0.000523
add,11,0.000146,0.001292
collection,14,0.000186,0.001599
course,84,0.001117,0.007592
mean,12,0.000160,0.001395
gotta,9,0.000120,0.001081
sorry,12,0.000160,0.001395
shot,7,0.000093,0.000864
jordan,65,0.000864,0.006096
adidas,19,0.000253,0.002093
matching,4,0.000053,0.000523
shoelaces,4,0.000053,0.000523
cleat,19,0.000253,0.002093
synthetic,9,0.000120,0.001081
spend,14,0.000186,0.001599
outgrow,3,0.000040,0.000404
season,17,0.000226,0.001898
turf,22,0.000293,0.002380
youth,10,0.000133,0.001187
football,13,0.000173,0.001497
tad,16,0.000213,0.001799
asap,3,0.000040,0.000404
flawless,5,0.000066,0.000639
seen,21,0.000279,0.002285
rock,10,0.000133,0.001187
shoot,3,0.000040,0.000404
shift,4,0.000053,0.000523
jumped,4,0.000053,0.000523
drop,6,0.000080,0.000753
grey,24,0.000319,0.002569
nephew,18,0.000239,0.001996
clothing,3,0.000040,0.000404
edges,5,0.000066,0.000639
cup,3,0.000040,0.000404
patent,3,0.000040,0.000404
mom,9,0.000120,0.001081
obsessed,3,0.000040,0.000404
lookin,8,0.000106,0.000973
meant,7,0.000093,0.000864
tiny,14,0.000186,0.001599
prevent,3,0.000040,0.000404
sliding,8,0.000106,0.000973
skinny,5,0.000066,0.000639
standing,17,0.000226,0.001898
wedge,4,0.000053,0.000523
sky,3,0.000040,0.000404
gets,30,0.000399,0.003122
anyways,7,0.000093,0.000864
sexy,4,0.000053,0.000523
faster,20,0.000266,0.002189
happier,14,0.000186,0.001599
choose,13,0.000173,0.001497
sold,19,0.000253,0.002093
flashy,10,0.000133,0.001187
gorgeous,7,0.000093,0.000864
pinch,6,0.000080,0.000753
straps,17,0.000226,0.001898
details,7,0.000093,0.000864
ridiculously,4,0.000053,0.000523
case,20,0.000266,0.002189
particular,19,0.000253,0.002093
wouldve,10,0.000133,0.001187
sunday,3,0.000040,0.000404
night,13,0.000173,0.001497
tuesday,4,0.000053,0.000523
morning,13,0.000173,0.001497
business,15,0.000199,0.001699
club,8,0.000106,0.000973
given,15,0.000199,0.001699
included,3,0.000040,0.000404
stopped,6,0.000080,0.000753
bc,8,0.000106,0.000973
article,3,0.000040,0.000404
flatter,5,0.000066,0.000639
shape,13,0.000173,0.001497
athletic,25,0.000332,0.002662
reduce,5,0.000066,0.000639
gone,21,0.000279,0.002285
separated,4,0.000053,0.000523
bf,6,0.000080,0.000753
place,16,0.000213,0.001799
dude,3,0.000040,0.000404
wants,12,0.000160,0.001395
golf,344,0.004574,0.024643
beginner,3,0.000040,0.000404
supportive,27,0.000359,0.002848
brilliant,5,0.000066,0.000639
greatest,3,0.000040,0.000404
addition,4,0.000053,0.000523
practice,7,0.000093,0.000864
state,5,0.000066,0.000639
indicated,4,0.000053,0.000523
title,3,0.000040,0.000404
sitting,3,0.000040,0.000404
conditions,12,0.000160,0.001395
trainer,15,0.000199,0.001699
truly,6,0.000080,0.000753
younger,9,0.000120,0.001081
originals,5,0.000066,0.000639
typical,17,0.000226,0.001898
turn,9,0.000120,0.001081
tax,4,0.000053,0.000523
guys,24,0.000319,0.002569
finger,4,0.000053,0.000523
yall,5,0.000066,0.000639
huraches,3,0.000040,0.000404
pic,10,0.000133,0.001187
cracked,3,0.000040,0.000404
shoei,3,0.000040,0.000404
loving,13,0.000173,0.001497
dad,9,0.000120,0.001081
retros,3,0.000040,0.000404
missing,5,0.000066,0.000639
called,6,0.000080,0.000753
free,78,0.001037,0.007127
condition,49,0.000652,0.004780
stupid,5,0.000066,0.000639
kinda,19,0.000253,0.002093
string,4,0.000053,0.000523
ship,8,0.000106,0.000973
ugly,4,0.000053,0.000523
ur,8,0.000106,0.000973
opposed,4,0.000053,0.000523
suggested,3,0.000040,0.000404
mangled,3,0.000040,0.000404
stretches,3,0.000040,0.000404
cut,20,0.000266,0.002189
piece,19,0.000253,0.002093
cardboard,4,0.000053,0.000523
insoles,15,0.000199,0.001699
hurting,11,0.000146,0.001292
factor,5,0.000066,0.000639
wondering,5,0.000066,0.000639
hate,12,0.000160,0.001395
bargain,4,0.000053,0.000523
speedy,5,0.000066,0.000639
slipped,9,0.000120,0.001081
searching,9,0.000120,0.001081
posted,4,0.000053,0.000523
change,31,0.000412,0.003213
classy,7,0.000093,0.000864
thatbr,3,0.000040,0.000404
shop,8,0.000106,0.000973
age,7,0.000093,0.000864
aware,9,0.000120,0.001081
outfits,6,0.000080,0.000753
flex,17,0.000226,0.001898
ankles,17,0.000226,0.001898
basic,8,0.000106,0.000973
replacement,11,0.000146,0.001292
tongues,3,0.000040,0.000404
supposed,19,0.000253,0.002093
broken,26,0.000346,0.002755
based,21,0.000279,0.002285
dr,6,0.000080,0.000753
scholls,3,0.000040,0.000404
halfsize,9,0.000120,0.001081
confort,4,0.000053,0.000523
periods,6,0.000080,0.000753
saucony,4,0.000053,0.000523
mind,17,0.000226,0.001898
grab,4,0.000053,0.000523
gonna,11,0.000146,0.001292
questions,4,0.000053,0.000523
wouldnt,31,0.000412,0.003213
blown,3,0.000040,0.000404
russian,3,0.000040,0.000404
male,4,0.000053,0.000523
proud,3,0.000040,0.000404
driving,7,0.000093,0.000864
barely,14,0.000186,0.001599
squeaks,6,0.000080,0.000753
car,8,0.000106,0.000973
grand,5,0.000066,0.000639
immediately,16,0.000213,0.001799
changed,16,0.000213,0.001799
sleep,4,0.000053,0.000523
garage,4,0.000053,0.000523
street,8,0.000106,0.000973
fun,12,0.000160,0.001395
digging,4,0.000053,0.000523
marked,3,0.000040,0.000404
unlike,12,0.000160,0.001395
poor,17,0.000226,0.001898
hell,8,0.000106,0.000973
joy,3,0.000040,0.000404
hes,47,0.000625,0.004611
yay,3,0.000040,0.000404
guy,12,0.000160,0.001395
saved,14,0.000186,0.001599
women,8,0.000106,0.000973
recent,4,0.000053,0.000523
complains,3,0.000040,0.000404
swift,3,0.000040,0.000404
children,7,0.000093,0.000864
realized,6,0.000080,0.000753
chose,13,0.000173,0.001497
streets,3,0.000040,0.000404
torn,8,0.000106,0.000973
clothes,6,0.000080,0.000753
things,22,0.000293,0.002380
mouth,3,0.000040,0.000404
boys,26,0.000346,0.002755
wow,16,0.000213,0.001799
anticipated,5,0.000066,0.000639
equipment,3,0.000040,0.000404
catch,5,0.000066,0.000639
peoples,3,0.000040,0.000404
eyes,6,0.000080,0.000753
elite,3,0.000040,0.000404
instead,42,0.000558,0.004183
pulling,5,0.000066,0.000639
sign,5,0.000066,0.000639
velcro,12,0.000160,0.001395
waiting,6,0.000080,0.000753
conform,4,0.000053,0.000523
flat,45,0.000598,0.004441
supportbr,3,0.000040,0.000404
lighter,13,0.000173,0.001497
workouts,19,0.000253,0.002093
scratches,3,0.000040,0.000404
easily,37,0.000492,0.003748
excited,19,0.000253,0.002093
open,7,0.000093,0.000864
wrong,52,0.000691,0.005031
attention,12,0.000160,0.001395
gel,13,0.000173,0.001497
inserts,21,0.000279,0.002285
therapist,3,0.000040,0.000404
office,10,0.000133,0.001187
girls,8,0.000106,0.000973
putting,18,0.000239,0.001996
pressure,9,0.000120,0.001081
fabulous,7,0.000093,0.000864
comments,17,0.000226,0.001898
plan,17,0.000226,0.001898
kitchen,6,0.000080,0.000753
toddler,13,0.000173,0.001497
girlfriend,6,0.000080,0.000753
consistently,6,0.000080,0.000753
shes,9,0.000120,0.001081
incredibly,18,0.000239,0.001996
certainly,7,0.000093,0.000864
zoom,10,0.000133,0.001187
specific,11,0.000146,0.001292
dicks,4,0.000053,0.000523
sporting,7,0.000093,0.000864
goods,4,0.000053,0.000523
colored,5,0.000066,0.000639
marathons,3,0.000040,0.000404
adrenaline,3,0.000040,0.000404
followed,3,0.000040,0.000404
glide,8,0.000106,0.000973
structure,5,0.000066,0.000639
neuroma,7,0.000093,0.000864
popular,7,0.000093,0.000864
forgiving,3,0.000040,0.000404
lbs,7,0.000093,0.000864
pronate,4,0.000053,0.000523
designed,23,0.000306,0.002475
taken,7,0.000093,0.000864
concrete,16,0.000213,0.001799
ideal,6,0.000080,0.000753
sport,13,0.000173,0.001497
arches,26,0.000346,0.002755
properly,12,0.000160,0.001395
estimated,6,0.000080,0.000753
throwback,4,0.000053,0.000523
gold,6,0.000080,0.000753
scuff,8,0.000106,0.000973
step,22,0.000293,0.002380
generally,15,0.000199,0.001699
additional,5,0.000066,0.000639
vomero,4,0.000053,0.000523
flexible,37,0.000492,0.003748
rigid,3,0.000040,0.000404
handful,4,0.000053,0.000523
impression,4,0.000053,0.000523
portion,5,0.000066,0.000639
guess,23,0.000306,0.002475
set,14,0.000186,0.001599
start,29,0.000386,0.003031
mold,7,0.000093,0.000864
elegant,5,0.000066,0.000639
minimum,3,0.000040,0.000404
improved,3,0.000040,0.000404
plenty,29,0.000386,0.003031
unfortunately,22,0.000293,0.002380
hassle,6,0.000080,0.000753
sharp,19,0.000253,0.002093
mall,8,0.000106,0.000973
decade,3,0.000040,0.000404
missed,4,0.000053,0.000523
cuz,3,0.000040,0.000404
saw,19,0.000253,0.002093
dollars,9,0.000120,0.001081
doubt,9,0.000120,0.001081
brother,21,0.000279,0.002285
field,9,0.000120,0.001081
child,14,0.000186,0.001599
ensure,3,0.000040,0.000404
growing,8,0.000106,0.000973
smallbr,7,0.000093,0.000864
contacted,3,0.000040,0.000404
prosbr,4,0.000053,0.000523
unbelievably,3,0.000040,0.000404
consbr,4,0.000053,0.000523
sizing,40,0.000532,0.004010
aaa,3,0.000040,0.000404
elastic,6,0.000080,0.000753
angle,3,0.000040,0.000404
awful,9,0.000120,0.001081
granddaughter,18,0.000239,0.001996
pictured,11,0.000146,0.001292
matches,6,0.000080,0.000753
growth,5,0.000066,0.000639
sized,17,0.000226,0.001898
uses,12,0.000160,0.001395
neat,4,0.000053,0.000523
awhile,14,0.000186,0.001599
fyi,5,0.000066,0.000639
purpose,10,0.000133,0.001187
sandals,71,0.000944,0.006576
sons,19,0.000253,0.002093
spring,5,0.000066,0.000639
sandal,36,0.000479,0.003659
stays,4,0.000053,0.000523
disneyland,4,0.000053,0.000523
hand,6,0.000080,0.000753
threw,4,0.000053,0.000523
adjustable,13,0.000173,0.001497
uniform,6,0.000080,0.000753
balance,18,0.000239,0.001996
grateful,3,0.000040,0.000404
usa,8,0.000106,0.000973
foamposites,3,0.000040,0.000404
changes,10,0.000133,0.001187
notch,5,0.000066,0.000639
id,47,0.000625,0.004611
againbr,6,0.000080,0.000753
footed,12,0.000160,0.001395
sellers,4,0.000053,0.000523
slides,43,0.000572,0.004269
believe,28,0.000372,0.002940
friday,7,0.000093,0.000864
slip,28,0.000372,0.002940
flip,31,0.000412,0.003213
flops,24,0.000319,0.002569
regardless,4,0.000053,0.000523
begun,3,0.000040,0.000404
fault,7,0.000093,0.000864
explain,4,0.000053,0.000523
trip,11,0.000146,0.001292
retailer,3,0.000040,0.000404
prime,12,0.000160,0.001395
hadnt,3,0.000040,0.000404
slipper,6,0.000080,0.000753
tags,3,0.000040,0.000404
lasts,6,0.000080,0.000753
garbage,7,0.000093,0.000864
poorly,4,0.000053,0.000523
shower,4,0.000053,0.000523
fairly,9,0.000120,0.001081
consistent,7,0.000093,0.000864
slide,16,0.000213,0.001799
stretcher,3,0.000040,0.000404
appear,9,0.000120,0.001081
send,23,0.000306,0.002475
anybody,7,0.000093,0.000864
yard,9,0.000120,0.001081
flop,5,0.000066,0.000639
pushed,4,0.000053,0.000523
absolute,8,0.000106,0.000973
lost,9,0.000120,0.001081
upset,4,0.000053,0.000523
thickness,4,0.000053,0.000523
hang,4,0.000053,0.000523
suck,3,0.000040,0.000404
shrank,3,0.000040,0.000404
sun,5,0.000066,0.000639
apparently,5,0.000066,0.000639
beach,12,0.000160,0.001395
desired,3,0.000040,0.000404
secure,8,0.000106,0.000973
footbed,4,0.000053,0.000523
met,7,0.000093,0.000864
keeps,12,0.000160,0.001395
struggle,6,0.000080,0.000753
forefoot,9,0.000120,0.001081
wise,12,0.000160,0.001395
hubby,14,0.000186,0.001599
sliders,10,0.000133,0.001187
cushiony,5,0.000066,0.000639
daughters,9,0.000120,0.001081
sideways,3,0.000040,0.000404
steps,6,0.000080,0.000753
happens,5,0.000066,0.000639
fakes,7,0.000093,0.000864
family,10,0.000133,0.001187
defective,5,0.000066,0.000639
mistake,10,0.000133,0.001187
friends,16,0.000213,0.001799
offered,3,0.000040,0.000404
falling,15,0.000199,0.001699
exelente,5,0.000066,0.000639
baseball,5,0.000066,0.000639
overpriced,4,0.000053,0.000523
bang,4,0.000053,0.000523
buck,4,0.000053,0.000523
tore,6,0.000080,0.000753
theyd,8,0.000106,0.000973
molded,4,0.000053,0.000523
volleyball,4,0.000053,0.000523
allowed,4,0.000053,0.000523
retail,12,0.000160,0.001395
band,4,0.000053,0.000523
slippery,8,0.000106,0.000973
cheaply,11,0.000146,0.001292
bag,9,0.000120,0.001081
logo,10,0.000133,0.001187
duty,5,0.000066,0.000639
weekends,4,0.000053,0.000523
damn,5,0.000066,0.000639
stolen,3,0.000040,0.000404
scratch,5,0.000066,0.000639
horrible,13,0.000173,0.001497
skin,8,0.000106,0.000973
stretching,5,0.000066,0.000639
cushy,7,0.000093,0.000864
bball,4,0.000053,0.000523
asked,8,0.000106,0.000973
spent,10,0.000133,0.001187
date,17,0.000226,0.001898
sick,15,0.000199,0.001699
orthotic,4,0.000053,0.000523
worst,11,0.000146,0.001292
childs,3,0.000040,0.000404
explained,3,0.000040,0.000404
niece,4,0.000053,0.000523
christmas,15,0.000199,0.001699
handle,4,0.000053,0.000523
tightness,5,0.000066,0.000639
returns,6,0.000080,0.000753
hiking,10,0.000133,0.001187
strongly,4,0.000053,0.000523
carry,5,0.000066,0.000639
ripped,21,0.000279,0.002285
arrival,6,0.000080,0.000753
ups,3,0.000040,0.000404
rolling,3,0.000040,0.000404
tearing,8,0.000106,0.000973
knock,5,0.000066,0.000639
middle,12,0.000160,0.001395
rubbed,6,0.000080,0.000753
picked,14,0.000186,0.001599
warning,4,0.000053,0.000523
exchange,13,0.000173,0.001497
sending,3,0.000040,0.000404
awsome,8,0.000106,0.000973
matter,13,0.000173,0.001497
young,5,0.000066,0.000639
stitching,14,0.000186,0.001599
disappointing,11,0.000146,0.001292
practices,3,0.000040,0.000404
yr,18,0.000239,0.001996
alternatives,3,0.000040,0.000404
lid,3,0.000040,0.000404
appeared,4,0.000053,0.000523
held,18,0.000239,0.001996
paying,10,0.000133,0.001187
fell,13,0.000173,0.001497
wearable,6,0.000080,0.000753
door,4,0.000053,0.000523
complain,12,0.000160,0.001395
noticing,3,0.000040,0.000404
activities,10,0.000133,0.001187
sensitive,4,0.000053,0.000523
girl,14,0.000186,0.001599
hurry,3,0.000040,0.000404
average,17,0.000226,0.001898
muscles,5,0.000066,0.000639
scuffed,5,0.000066,0.000639
extreme,6,0.000080,0.000753
busy,3,0.000040,0.000404
picky,11,0.000146,0.001292
uppers,10,0.000133,0.001187
tied,4,0.000053,0.000523
leave,13,0.000173,0.001497
remove,6,0.000080,0.000753
win,4,0.000053,0.000523
hide,3,0.000040,0.000404
harder,8,0.000106,0.000973
strong,15,0.000199,0.001699
locally,3,0.000040,0.000404
fir,4,0.000053,0.000523
plays,13,0.000173,0.001497
bonus,7,0.000093,0.000864
league,5,0.000066,0.000639
complained,3,0.000040,0.000404
meet,7,0.000093,0.000864
celso,4,0.000053,0.000523
flipflops,5,0.000066,0.000639
neuropathy,7,0.000093,0.000864
effect,5,0.000066,0.000639
shiny,11,0.000146,0.001292
camp,4,0.000053,0.000523
accents,4,0.000053,0.000523
downside,8,0.000106,0.000973
nicei,3,0.000040,0.000404
cortez,18,0.000239,0.001996
shirt,3,0.000040,0.000404
infrared,3,0.000040,0.000404
wellmade,4,0.000053,0.000523
navy,3,0.000040,0.000404
complements,7,0.000093,0.000864
dozen,3,0.000040,0.000404
items,9,0.000120,0.001081
post,10,0.000133,0.001187
minutes,7,0.000093,0.000864
sad,7,0.000093,0.000864
classics,3,0.000040,0.000404
glued,5,0.000066,0.000639
build,8,0.000106,0.000973
monday,4,0.000053,0.000523
success,6,0.000080,0.000753
opened,10,0.000133,0.001187
skate,12,0.000160,0.001395
stylebr,3,0.000040,0.000404
colorful,3,0.000040,0.000404
packaged,5,0.000066,0.000639
nostalgia,3,0.000040,0.000404
road,5,0.000066,0.000639
skating,5,0.000066,0.000639
bunch,6,0.000080,0.000753
timeless,4,0.000053,0.000523
acceptable,6,0.000080,0.000753
checking,5,0.000066,0.000639
frame,5,0.000066,0.000639
fragile,3,0.000040,0.000404
ear,3,0.000040,0.000404
separating,4,0.000053,0.000523
ag,3,0.000040,0.000404
exelent,7,0.000093,0.000864
arrive,9,0.000120,0.001081
hesitant,11,0.000146,0.001292
buenos,6,0.000080,0.000753
errands,4,0.000053,0.000523
pe,3,0.000040,0.000404
expectations,19,0.000253,0.002093
base,9,0.000120,0.001081
slim,7,0.000093,0.000864
lifting,17,0.000226,0.001898
nicer,4,0.000053,0.000523
allows,14,0.000186,0.001599
academy,3,0.000040,0.000404
soccer,52,0.000691,0.005031
example,6,0.000080,0.000753
ruined,3,0.000040,0.000404
dual,5,0.000066,0.000639
jumping,7,0.000093,0.000864
newer,5,0.000066,0.000639
wonder,5,0.000066,0.000639
authority,4,0.000053,0.000523
transaction,18,0.000239,0.001996
perfecto,4,0.000053,0.000523
diabetes,3,0.000040,0.000404
opinion,12,0.000160,0.001395
softer,10,0.000133,0.001187
bends,3,0.000040,0.000404
undone,4,0.000053,0.000523
shortly,4,0.000053,0.000523
cloth,4,0.000053,0.000523
allowing,5,0.000066,0.000639
visible,7,0.000093,0.000864
form,10,0.000133,0.001187
lace,26,0.000346,0.002755
honestly,10,0.000133,0.001187
receiving,6,0.000080,0.000753
needless,4,0.000053,0.000523
purchasing,14,0.000186,0.001599
oldest,3,0.000040,0.000404
loops,5,0.000066,0.000639
fusion,5,0.000066,0.000639
painful,7,0.000093,0.000864
tire,6,0.000080,0.000753
paper,7,0.000093,0.000864
dollar,5,0.000066,0.000639
offers,4,0.000053,0.000523
likely,7,0.000093,0.000864
lower,6,0.000080,0.000753
race,3,0.000040,0.000404
boxbr,3,0.000040,0.000404
similar,20,0.000266,0.002189
crossfit,7,0.000093,0.000864
circulation,6,0.000080,0.000753
weird,17,0.000226,0.001898
threads,3,0.000040,0.000404
completely,24,0.000319,0.002569
trash,4,0.000053,0.000523
hole,16,0.000213,0.001799
multiple,7,0.000093,0.000864
energy,3,0.000040,0.000404
clicking,3,0.000040,0.000404
uncomfortably,4,0.000053,0.000523
royal,3,0.000040,0.000404
dunk,8,0.000106,0.000973
ðŸðŸ,4,0.000053,0.000523
official,4,0.000053,0.000523
option,8,0.000106,0.000973
camo,3,0.000040,0.000404
marks,7,0.000093,0.000864
paint,3,0.000040,0.000404
hed,4,0.000053,0.000523
exception,4,0.000053,0.000523
squeeze,7,0.000093,0.000864
write,6,0.000080,0.000753
pickup,3,0.000040,0.000404
exposed,3,0.000040,0.000404
developed,7,0.000093,0.000864
shoelace,5,0.000066,0.000639
plain,8,0.000106,0.000973
chance,9,0.000120,0.001081
offs,4,0.000053,0.000523
pants,5,0.000066,0.000639
exceeded,4,0.000053,0.000523
roomier,3,0.000040,0.000404
keeping,20,0.000266,0.002189
courts,3,0.000040,0.000404
sooner,10,0.000133,0.001187
personal,4,0.000053,0.000523
adequate,4,0.000053,0.000523
dealer,3,0.000040,0.000404
identical,4,0.000053,0.000523
assumed,4,0.000053,0.000523
metal,7,0.000093,0.000864
face,5,0.000066,0.000639
beautifull,3,0.000040,0.000404
gray,16,0.000213,0.001799
ware,5,0.000066,0.000639
orange,23,0.000306,0.002475
prior,11,0.000146,0.001292
heal,9,0.000120,0.001081
trail,4,0.000053,0.000523
local,17,0.000226,0.001898
concerned,6,0.000080,0.000753
afternoon,3,0.000040,0.000404
god,7,0.000093,0.000864
weekend,7,0.000093,0.000864
stuck,9,0.000120,0.001081
skeptical,7,0.000093,0.000864
literally,14,0.000186,0.001599
definite,4,0.000053,0.000523
js,18,0.000239,0.001996
crosstraining,8,0.000106,0.000973
pattern,8,0.000106,0.000973
feather,4,0.000053,0.000523
goodness,3,0.000040,0.000404
country,3,0.000040,0.000404
single,7,0.000093,0.000864
willing,7,0.000093,0.000864
shifts,3,0.000040,0.000404
promptly,4,0.000053,0.000523
phenomenal,3,0.000040,0.000404
saturday,5,0.000066,0.000639
backup,3,0.000040,0.000404
fully,9,0.000120,0.001081
producto,9,0.000120,0.001081
figured,10,0.000133,0.001187
hey,6,0.000080,0.000753
tag,5,0.000066,0.000639
dream,3,0.000040,0.000404
birthday,35,0.000465,0.003571
turned,10,0.000133,0.001187
biggest,8,0.000106,0.000973
soooo,3,0.000040,0.000404
learned,4,0.000053,0.000523
selected,5,0.000066,0.000639
goto,3,0.000040,0.000404
grown,5,0.000066,0.000639
walmart,3,0.000040,0.000404
leaves,4,0.000053,0.000523
searched,4,0.000053,0.000523
standard,14,0.000186,0.001599
sound,10,0.000133,0.001187
designs,6,0.000080,0.000753
gloves,3,0.000040,0.000404
frees,15,0.000199,0.001699
dirt,16,0.000213,0.001799
kill,4,0.000053,0.000523
affordable,12,0.000160,0.001395
follow,5,0.000066,0.000639
standards,4,0.000053,0.000523
near,7,0.000093,0.000864
bummed,4,0.000053,0.000523
itbr,3,0.000040,0.000404
packaging,10,0.000133,0.001187
fulfilled,3,0.000040,0.000404
daybr,4,0.000053,0.000523
begin,5,0.000066,0.000639
rated,5,0.000066,0.000639
puts,5,0.000066,0.000639
code,6,0.000080,0.000753
card,4,0.000053,0.000523
teen,3,0.000040,0.000404
lifetime,3,0.000040,0.000404
comfortablebr,10,0.000133,0.001187
hit,9,0.000120,0.001081
yeah,5,0.000066,0.000639
jump,9,0.000120,0.001081
justice,3,0.000040,0.000404
weigh,4,0.000053,0.000523
pounds,4,0.000053,0.000523
meets,3,0.000040,0.000404
minimalist,7,0.000093,0.000864
grandsons,7,0.000093,0.000864
bumps,3,0.000040,0.000404
absorb,3,0.000040,0.000404
sporty,4,0.000053,0.000523
appreciated,4,0.000053,0.000523
thumbs,7,0.000093,0.000864
symbol,3,0.000040,0.000404
seams,5,0.000066,0.000639
opposite,4,0.000053,0.000523
outdoors,6,0.000080,0.000753
dusty,3,0.000040,0.000404
shaped,5,0.000066,0.000639
upper,21,0.000279,0.002285
strange,8,0.000106,0.000973
carried,3,0.000040,0.000404
attached,6,0.000080,0.000753
nikebr,6,0.000080,0.000753
label,4,0.000053,0.000523
flight,7,0.000093,0.000864
unit,3,0.000040,0.000404
protection,5,0.000066,0.000639
finish,10,0.000133,0.001187
sz,3,0.000040,0.000404
switched,5,0.000066,0.000639
foamposite,3,0.000040,0.000404
omg,3,0.000040,0.000404
flyknit,20,0.000266,0.002189
sprinting,4,0.000053,0.000523
stretchy,6,0.000080,0.000753
afraid,4,0.000053,0.000523
loosened,6,0.000080,0.000753
cardio,7,0.000093,0.000864
requires,4,0.000053,0.000523
elliptical,3,0.000040,0.000404
bike,4,0.000053,0.000523
email,3,0.000040,0.000404
upbr,4,0.000053,0.000523
impressed,12,0.000160,0.001395
breaks,8,0.000106,0.000973
pockets,3,0.000040,0.000404
nonetheless,4,0.000053,0.000523
youve,3,0.000040,0.000404
warned,6,0.000080,0.000753
vendor,8,0.000106,0.000973
alright,10,0.000133,0.001187
dance,3,0.000040,0.000404
ðŸŒ,4,0.000053,0.000523
shopping,10,0.000133,0.001187
receive,17,0.000226,0.001898
trim,3,0.000040,0.000404
hidden,3,0.000040,0.000404
lightbr,3,0.000040,0.000404
reasonably,3,0.000040,0.000404
barefoot,10,0.000133,0.001187
basically,12,0.000160,0.001395
verry,3,0.000040,0.000404
possible,14,0.000186,0.001599
stylin,3,0.000040,0.000404
rolled,3,0.000040,0.000404
roll,6,0.000080,0.000753
edge,6,0.000080,0.000753
asleep,4,0.000053,0.000523
everybody,7,0.000093,0.000864
continuous,4,0.000053,0.000523
happen,11,0.000146,0.001292
lounging,3,0.000040,0.000404
replacing,7,0.000093,0.000864
separate,3,0.000040,0.000404
annoying,12,0.000160,0.001395
perfectlybr,3,0.000040,0.000404
rate,9,0.000120,0.001081
avoid,8,0.000106,0.000973
shin,7,0.000093,0.000864
class,8,0.000106,0.000973
intended,7,0.000093,0.000864
sooooo,3,0.000040,0.000404
exceptional,3,0.000040,0.000404
moves,6,0.000080,0.000753
winner,3,0.000040,0.000404
zumba,4,0.000053,0.000523
classes,3,0.000040,0.000404
mebr,4,0.000053,0.000523
tip,5,0.000066,0.000639
whatsoever,3,0.000040,0.000404
bank,4,0.000053,0.000523
shouldve,6,0.000080,0.000753
flyknits,4,0.000053,0.000523
adjusted,4,0.000053,0.000523
unless,12,0.000160,0.001395
injured,4,0.000053,0.000523
compliment,4,0.000053,0.000523
figure,5,0.000066,0.000639
brighter,4,0.000053,0.000523
event,4,0.000053,0.000523
beautifully,3,0.000040,0.000404
reality,4,0.000053,0.000523
lose,5,0.000066,0.000639
soo,3,0.000040,0.000404
aside,3,0.000040,0.000404
sense,3,0.000040,0.000404
orthotics,6,0.000080,0.000753
loosening,3,0.000040,0.000404
entirely,4,0.000053,0.000523
ridiculous,6,0.000080,0.000753
ventilated,4,0.000053,0.000523
carpet,3,0.000040,0.000404
schools,3,0.000040,0.000404
gliding,3,0.000040,0.000404
shoesthey,4,0.000053,0.000523
flatfooted,3,0.000040,0.000404
idea,14,0.000186,0.001599
originally,10,0.000133,0.001187
spectacular,4,0.000053,0.000523
check,11,0.000146,0.001292
greater,5,0.000066,0.000639
edition,4,0.000053,0.000523
fewer,3,0.000040,0.000404
types,4,0.000053,0.000523
decision,5,0.000066,0.000639
considering,17,0.000226,0.001898
despite,8,0.000106,0.000973
advice,14,0.000186,0.001599
usps,3,0.000040,0.000404
communication,3,0.000040,0.000404
waste,14,0.000186,0.001599
crap,4,0.000053,0.000523
seriously,4,0.000053,0.000523
chart,8,0.000106,0.000973
frequently,5,0.000066,0.000639
trust,5,0.000066,0.000639
flimsy,4,0.000053,0.000523
fond,4,0.000053,0.000523
combo,10,0.000133,0.001187
directly,3,0.000040,0.000404
teenage,5,0.000066,0.000639
movement,7,0.000093,0.000864
rarely,4,0.000053,0.000523
tall,4,0.000053,0.000523
pressed,3,0.000040,0.000404
ahead,7,0.000093,0.000864
minimal,3,0.000040,0.000404
deadlifts,3,0.000040,0.000404
view,3,0.000040,0.000404
bend,8,0.000106,0.000973
moving,4,0.000053,0.000523
grandma,5,0.000066,0.000639
known,8,0.000106,0.000973
youll,10,0.000133,0.001187
produced,3,0.000040,0.000404
understand,5,0.000066,0.000639
variety,3,0.000040,0.000404
term,3,0.000040,0.000404
compare,5,0.000066,0.000639
measured,3,0.000040,0.000404
lives,6,0.000080,0.000753
common,8,0.000106,0.000973
youbr,3,0.000040,0.000404
floor,11,0.000146,0.001292
travel,4,0.000053,0.000523
knows,4,0.000053,0.000523
selection,3,0.000040,0.000404
hated,4,0.000053,0.000523
alittle,4,0.000053,0.000523
supports,8,0.000106,0.000973
bed,6,0.000080,0.000753
styling,7,0.000093,0.000864
bare,3,0.000040,0.000404
stick,4,0.000053,0.000523
tr,4,0.000053,0.000523
loud,5,0.000066,0.000639
aspect,4,0.000053,0.000523
low,25,0.000332,0.002662
tighten,9,0.000120,0.001081
hip,3,0.000040,0.000404
canvas,5,0.000066,0.000639
awkward,5,0.000066,0.000639
photos,5,0.000066,0.000639
continued,3,0.000040,0.000404
longboarding,3,0.000040,0.000404
peeling,3,0.000040,0.000404
section,5,0.000066,0.000639
platforms,4,0.000053,0.000523
google,3,0.000040,0.000404
tape,3,0.000040,0.000404
trick,6,0.000080,0.000753
underneath,6,0.000080,0.000753
ripping,3,0.000040,0.000404
superb,4,0.000053,0.000523
pass,4,0.000053,0.000523
april,4,0.000053,0.000523
hug,3,0.000040,0.000404
fancy,3,0.000040,0.000404
attire,4,0.000053,0.000523
vary,3,0.000040,0.000404
causes,3,0.000040,0.000404
comfortbr,3,0.000040,0.000404
listed,6,0.000080,0.000753
factory,4,0.000053,0.000523
itll,3,0.000040,0.000404
couldve,3,0.000040,0.000404
spare,4,0.000053,0.000523
comfortablei,3,0.000040,0.000404
squats,4,0.000053,0.000523
expectation,4,0.000053,0.000523
caught,3,0.000040,0.000404
stayed,6,0.000080,0.000753
hrs,4,0.000053,0.000523
performed,3,0.000040,0.000404
lunarglide,7,0.000093,0.000864
cuts,7,0.000093,0.000864
provided,8,0.000106,0.000973
timing,5,0.000066,0.000639
walls,3,0.000040,0.000404
game,28,0.000372,0.002940
reinforced,3,0.000040,0.000404
direction,4,0.000053,0.000523
land,3,0.000040,0.000404
recommendation,5,0.000066,0.000639
instep,6,0.000080,0.000753
cheapest,3,0.000040,0.000404
measure,3,0.000040,0.000404
tounge,5,0.000066,0.000639
partially,3,0.000040,0.000404
backs,5,0.000066,0.000639
risk,3,0.000040,0.000404
serve,3,0.000040,0.000404
covered,4,0.000053,0.000523
couch,3,0.000040,0.000404
weights,8,0.000106,0.000973
grass,23,0.000306,0.002475
loop,3,0.000040,0.000404
useless,3,0.000040,0.000404
luckily,9,0.000120,0.001081
worry,7,0.000093,0.000864
required,7,0.000093,0.000864
ya,4,0.000053,0.000523
sweet,10,0.000133,0.001187
pleasantly,5,0.000066,0.000639
liking,3,0.000040,0.000404
specially,3,0.000040,0.000404
purple,11,0.000146,0.001292
firmly,3,0.000040,0.000404
jogging,7,0.000093,0.000864
alternative,3,0.000040,0.000404
agile,3,0.000040,0.000404
reminded,4,0.000053,0.000523
moderate,3,0.000040,0.000404
regularly,4,0.000053,0.000523
deployed,3,0.000040,0.000404
buyer,3,0.000040,0.000404
reviewed,3,0.000040,0.000404
eu,3,0.000040,0.000404
lebron,16,0.000213,0.001799
grade,5,0.000066,0.000639
golfing,15,0.000199,0.001699
swish,3,0.000040,0.000404
vs,6,0.000080,0.000753
junior,4,0.000053,0.000523
spikes,26,0.000346,0.002755
versatile,7,0.000093,0.000864
steal,6,0.000080,0.000753
damp,3,0.000040,0.000404
greens,5,0.000066,0.000639
neck,3,0.000040,0.000404
airy,4,0.000053,0.000523
waterproof,18,0.000239,0.001996
golfed,7,0.000093,0.000864
pleasant,3,0.000040,0.000404
terms,4,0.000053,0.000523
team,9,0.000120,0.001081
dew,5,0.000066,0.000639
unglued,3,0.000040,0.000404
test,6,0.000080,0.000753
pro,5,0.000066,0.000639
player,11,0.000146,0.001292
golfer,8,0.000106,0.000973
wipe,7,0.000093,0.000864
reviewers,6,0.000080,0.000753
manufacturer,3,0.000040,0.000404
spikeless,15,0.000199,0.001699
sneaks,5,0.000066,0.000639
scuffs,3,0.000040,0.000404
warm,7,0.000093,0.000864
footjoy,3,0.000040,0.000404
stained,3,0.000040,0.000404
shouldnt,6,0.000080,0.000753
swing,13,0.000173,0.001497
rear,4,0.000053,0.000523
workmanship,3,0.000040,0.000404
fiance,6,0.000080,0.000753
riding,3,0.000040,0.000404
cart,8,0.000106,0.000973
helpful,4,0.000053,0.000523
custom,9,0.000120,0.001081
vents,4,0.000053,0.000523
surprising,4,0.000053,0.000523
noise,10,0.000133,0.001187
husbands,7,0.000093,0.000864
forget,3,0.000040,0.000404
won,3,0.000040,0.000404
practical,3,0.000040,0.000404
main,8,0.000106,0.000973
hear,3,0.000040,0.000404
cooler,7,0.000093,0.000864
earth,3,0.000040,0.000404
tee,4,0.000053,0.000523
footing,4,0.000053,0.000523
ultra,4,0.000053,0.000523
sticks,5,0.000066,0.000639
pulled,4,0.000053,0.000523
suitable,4,0.000053,0.000523
fourth,4,0.000053,0.000523
hyperdunks,6,0.000080,0.000753
ee,4,0.000053,0.000523
pros,3,0.000040,0.000404
requiring,3,0.000040,0.000404
placed,4,0.000053,0.000523
focused,3,0.000040,0.000404
tw,10,0.000133,0.001187
constructed,5,0.000066,0.000639
unbeatable,3,0.000040,0.000404
chafing,3,0.000040,0.000404
bedroom,3,0.000040,0.000404
speak,3,0.000040,0.000404
breakin,6,0.000080,0.000753
comparable,4,0.000053,0.000523
spected,3,0.000040,0.000404
sand,6,0.000080,0.000753
exclusively,3,0.000040,0.000404
tour,4,0.000053,0.000523
brown,5,0.000066,0.000639
joke,3,0.000040,0.000404
lunarlon,3,0.000040,0.000404
touching,6,0.000080,0.000753
widths,3,0.000040,0.000404
stood,4,0.000053,0.000523
scheduled,3,0.000040,0.000404
inexpensive,4,0.000053,0.000523
crowd,3,0.000040,0.000404
players,3,0.000040,0.000404
skateboarding,3,0.000040,0.000404
cleaner,6,0.000080,0.000753
events,3,0.000040,0.000404
improve,4,0.000053,0.000523
promised,8,0.000106,0.000973
yrs,4,0.000053,0.000523
positive,6,0.000080,0.000753
shox,3,0.000040,0.000404
pricy,5,0.000066,0.000639
needing,3,0.000040,0.000404
prices,7,0.000093,0.000864
significant,4,0.000053,0.000523
discount,4,0.000053,0.000523
genuine,4,0.000053,0.000523
primary,3,0.000040,0.000404
lunarglides,3,0.000040,0.000404
accommodate,3,0.000040,0.000404
ad,3,0.000040,0.000404
toebox,3,0.000040,0.000404
driver,3,0.000040,0.000404
moisture,4,0.000053,0.000523
thoughi,3,0.000040,0.000404
mortons,3,0.000040,0.000404
experiencing,3,0.000040,0.000404
resistance,3,0.000040,0.000404
rough,5,0.000066,0.000639
washing,5,0.000066,0.000639
machine,5,0.000066,0.000639
feature,4,0.000053,0.000523
sizebr,5,0.000066,0.000639
goodbr,6,0.000080,0.000753
copy,3,0.000040,0.000404
reviewer,3,0.000040,0.000404
mercurial,3,0.000040,0.000404
reliable,3,0.000040,0.000404
upgraded,3,0.000040,0.000404
terribly,3,0.000040,0.000404
surface,6,0.000080,0.000753
sweaty,4,0.000053,0.000523
solved,3,0.000040,0.000404
phantom,3,0.000040,0.000404
ii,3,0.000040,0.000404
soleplate,3,0.000040,0.000404
compromise,6,0.000080,0.000753
fg,5,0.000066,0.000639
hypervenom,4,0.000053,0.000523
writing,4,0.000053,0.000523
control,5,0.000066,0.000639
showed,5,0.000066,0.000639
split,5,0.000066,0.000639
hoop,4,0.000053,0.000523
hoops,5,0.000066,0.000639
protect,3,0.000040,0.000404
reflect,3,0.000040,0.000404
cop,5,0.000066,0.000639
squeaking,13,0.000173,0.001497
hyperdunk,4,0.000053,0.000523
places,5,0.000066,0.000639
favor,3,0.000040,0.000404
indoors,3,0.000040,0.000404
vented,3,0.000040,0.000404
shooting,3,0.000040,0.000404
guard,3,0.000040,0.000404
switching,3,0.000040,0.000404
gracias,3,0.000040,0.000404
comparison,4,0.000053,0.000523
studs,6,0.000080,0.000753
dig,9,0.000120,0.001081
fields,3,0.000040,0.000404
skip,3,0.000040,0.000404
ice,3,0.000040,0.000404
flights,3,0.000040,0.000404
owning,4,0.000053,0.000523
complimented,3,0.000040,0.000404
hydro,4,0.000053,0.000523
squeek,3,0.000040,0.000404
forces,6,0.000080,0.000753
staring,3,0.000040,0.000404
release,4,0.000053,0.000523
contact,3,0.000040,0.000404
book,3,0.000040,0.000404
funny,4,0.000053,0.000523
occasion,3,0.000040,0.000404
dented,3,0.000040,0.000404
fingers,3,0.000040,0.000404
ass,3,0.000040,0.000404
vintage,4,0.000053,0.000523
hype,3,0.000040,0.000404
destroyed,5,0.000066,0.000639
imo,3,0.000040,0.000404
tracking,3,0.000040,0.000404
thx,3,0.000040,0.000404
purchases,3,0.000040,0.000404
confident,4,0.000053,0.000523
appreciate,4,0.000053,0.000523
proper,3,0.000040,0.000404
kobe,4,0.000053,0.000523
flaw,4,0.000053,0.000523
question,6,0.000080,0.000753
safe,5,0.000066,0.000639
mark,8,0.000106,0.000973
opening,4,0.000053,0.000523
list,5,0.000066,0.000639
vacation,4,0.000053,0.000523
saving,3,0.000040,0.000404
locker,5,0.000066,0.000639
pricebr,3,0.000040,0.000404
pinkie,3,0.000040,0.000404
bout,3,0.000040,0.000404
latest,3,0.000040,0.000404
tears,6,0.000080,0.000753
enjoys,4,0.000053,0.000523
unable,3,0.000040,0.000404
bomb,3,0.000040,0.000404
began,7,0.000093,0.000864
wrap,3,0.000040,0.000404
deliver,5,0.000066,0.000639
yo,4,0.000053,0.000523
sneakets,3,0.000040,0.000404
buen,3,0.000040,0.000404
injury,3,0.000040,0.000404
faded,3,0.000040,0.000404
defender,3,0.000040,0.000404
generation,3,0.000040,0.000404
recieved,3,0.000040,0.000404
tightening,3,0.000040,0.000404
james,3,0.000040,0.000404
deff,3,0.000040,0.000404
history,3,0.000040,0.000404
falls,3,0.000040,0.000404
improvement,4,0.000053,0.000523
surely,4,0.000053,0.000523
intention,3,0.000040,0.000404
justify,4,0.000053,0.000523
avid,3,0.000040,0.000404
crease,3,0.000040,0.000404
manufacturing,3,0.000040,0.000404
visit,3,0.000040,0.000404
duck,3,0.000040,0.000404
splints,5,0.000066,0.000639
bothering,3,0.000040,0.000404
importantly,3,0.000040,0.000404
knockoff,3,0.000040,0.000404
released,3,0.000040,0.000404
results,3,0.000040,0.000404
shine,3,0.000040,0.000404
removed,4,0.000053,0.000523
gum,5,0.000066,0.000639
plate,4,0.000053,0.000523
window,3,0.000040,0.000404
everthing,3,0.000040,0.000404
sneakerhead,3,0.000040,0.000404
retroâ€™s,4,0.000053,0.000523
quit,3,0.000040,0.000404
collectors,3,0.000040,0.000404
incorrect,3,0.000040,0.000404
squeaky,5,0.000066,0.000639
clunky,4,0.000053,0.000523
bounce,5,0.000066,0.000639
interior,3,0.000040,0.000404
fifth,3,0.000040,0.000404
squeeks,3,0.000040,0.000404
baller,3,0.000040,0.000404
monarch,9,0.000120,0.001081
iv,3,0.000040,0.000404
monarchs,4,0.000053,0.000523
redesigned,3,0.000040,0.000404
powder,7,0.000093,0.000864
theyâ€™re,3,0.000040,0.000404
table,3,0.000040,0.000404
waffle,3,0.000040,0.000404
structures,3,0.000040,0.000404
pronation,3,0.000040,0.000404
placement,3,0.000040,0.000404
sloppy,4,0.000053,0.000523
terra,4,0.000053,0.000523
kiger,4,0.000053,0.000523
shell,3,0.000040,0.000404
thongs,4,0.000053,0.000523
thong,4,0.000053,0.000523
artificial,7,0.000093,0.000864
darts,3,0.000040,0.000404
dart,4,0.000053,0.000523
lip,3,0.000040,0.000404
posterior,3,0.000040,0.000404
