Number of words,102449
Number of unique words,2620
Average word frequency,39.102672
Entropy,6.250748

Word,Frequency,Proportion,Entropy Term
clean,31,0.000303,0.002452
shoe,1837,0.017931,0.072104
poorly,16,0.000156,0.001369
love,1646,0.016067,0.066371
thought,139,0.001357,0.008958
great,1802,0.017589,0.071069
disappointed,172,0.001679,0.010727
tie,48,0.000469,0.003592
center,9,0.000088,0.000820
strap,175,0.001708,0.010885
time,551,0.005378,0.028104
wore,286,0.002792,0.016418
bought,791,0.007721,0.037553
especially,86,0.000839,0.005946
wear,1452,0.014173,0.060326
vacation,29,0.000283,0.002313
doing,27,0.000264,0.002172
lot,217,0.002118,0.013042
walking,395,0.003856,0.021430
felt,109,0.001064,0.007284
wonderful,65,0.000634,0.004671
shoes,4717,0.046042,0.141727
look,539,0.005261,0.027607
comfortable,2652,0.025886,0.094589
ended,32,0.000312,0.002521
killing,22,0.000215,0.001814
feet,1485,0.014495,0.061371
hour,99,0.000966,0.006708
work,1451,0.014163,0.060294
day,1089,0.010630,0.048302
sadly,11,0.000107,0.000981
recommend,293,0.002860,0.016751
style,216,0.002108,0.012991
comfort,244,0.002382,0.014385
sandals,276,0.002694,0.015940
fantastic,44,0.000429,0.003330
super,303,0.002958,0.017223
summer,124,0.001210,0.008130
started,126,0.001230,0.008241
planters,4,0.000039,0.000396
fasciitis,20,0.000195,0.001667
wearing,490,0.004783,0.025553
unsupportive,3,0.000029,0.000306
flip,131,0.001279,0.008519
flops,101,0.000986,0.006824
flop,43,0.000420,0.003264
kinda,18,0.000176,0.001519
girl,64,0.000625,0.004609
stop,29,0.000283,0.002313
spring,11,0.000107,0.000981
skechers,658,0.006423,0.032421
havent,55,0.000537,0.004042
issues,63,0.000615,0.004547
pain,149,0.001454,0.009502
happy,300,0.002928,0.017082
comfy,372,0.003631,0.020400
compliments,60,0.000586,0.004359
hesitate,6,0.000059,0.000571
better,281,0.002743,0.016179
expected,334,0.003260,0.018668
theyre,244,0.002382,0.014385
really,640,0.006247,0.031708
size,1471,0.014358,0.060929
right,300,0.002928,0.017082
larger,141,0.001376,0.009068
small,355,0.003465,0.019630
easy,140,0.001367,0.009013
favorite,109,0.001064,0.007284
quite,93,0.000908,0.006358
arch,325,0.003172,0.018251
support,497,0.004851,0.025850
hurt,192,0.001874,0.011769
half,222,0.002167,0.013293
smaller,187,0.001825,0.011510
definitely,194,0.001894,0.011872
sure,143,0.001396,0.009176
order,227,0.002216,0.013543
fact,53,0.000517,0.003915
friends,23,0.000225,0.001886
tried,152,0.001484,0.009663
pair,1224,0.011947,0.052894
length,57,0.000556,0.004170
fine,141,0.001376,0.009068
straps,146,0.001425,0.009339
tight,234,0.002284,0.013891
open,26,0.000254,0.002101
toe,472,0.004607,0.024787
toes,305,0.002977,0.017317
worth,102,0.000996,0.006882
price,467,0.004558,0.024573
unfortunately,58,0.000566,0.004233
stretched,34,0.000332,0.002659
moderate,4,0.000039,0.000396
ok,115,0.001123,0.007624
perfect,543,0.005300,0.027773
recently,13,0.000127,0.001139
developed,5,0.000049,0.000485
bunions,16,0.000156,0.001369
hurts,25,0.000244,0.002030
need,255,0.002489,0.014924
does,117,0.001142,0.007737
sandal,92,0.000898,0.006300
big,434,0.004236,0.023147
purpose,14,0.000137,0.001216
little,798,0.007789,0.037817
high,130,0.001269,0.008463
reason,47,0.000459,0.003527
lower,26,0.000254,0.002101
pairs,175,0.001708,0.010885
satisfied,55,0.000537,0.004042
purchase,183,0.001786,0.011303
grey,13,0.000127,0.001139
feel,423,0.004129,0.022667
like,1132,0.011049,0.049782
slippers,12,0.000117,0.001060
sturdy,83,0.000810,0.005767
walk,250,0.002440,0.014680
long,382,0.003729,0.020850
distances,18,0.000176,0.001519
wish,152,0.001484,0.009663
soles,147,0.001435,0.009394
provided,17,0.000166,0.001444
balls,9,0.000088,0.000820
fully,7,0.000068,0.000655
flatten,3,0.000029,0.000306
person,55,0.000537,0.004042
said,168,0.001640,0.010517
upper,25,0.000244,0.002030
stretching,3,0.000029,0.000306
complained,22,0.000215,0.001814
sole,262,0.002557,0.015264
product,204,0.001991,0.012383
buying,140,0.001367,0.009013
swollen,8,0.000078,0.000739
wrong,73,0.000713,0.005164
rubber,63,0.000615,0.004547
bands,7,0.000068,0.000655
inside,123,0.001201,0.008074
didnt,262,0.002557,0.015264
think,204,0.001991,0.012383
id,72,0.000703,0.005103
ive,351,0.003426,0.019448
figured,16,0.000156,0.001369
simple,7,0.000068,0.000655
slipping,38,0.000371,0.002930
regular,58,0.000566,0.004233
isnt,50,0.000488,0.003721
deal,59,0.000576,0.004296
worn,339,0.003309,0.018898
hours,335,0.003270,0.018714
discomfort,39,0.000381,0.002997
soft,140,0.001367,0.009013
cushy,21,0.000205,0.001741
gotten,41,0.000400,0.003131
different,188,0.001835,0.011562
colors,196,0.001913,0.011974
months,313,0.003055,0.017692
loved,310,0.003026,0.017552
given,26,0.000254,0.002101
stars,96,0.000937,0.006534
elastic,44,0.000429,0.003330
difficult,29,0.000283,0.002313
rub,39,0.000381,0.002997
blister,12,0.000117,0.001060
foot,578,0.005642,0.029211
movement,7,0.000068,0.000655
know,156,0.001523,0.009878
going,137,0.001337,0.008849
distance,5,0.000049,0.000485
lots,48,0.000469,0.003592
ideal,6,0.000059,0.000571
sanuks,4,0.000039,0.000396
did,258,0.002518,0.015070
stock,10,0.000098,0.000901
teal,5,0.000049,0.000485
expect,57,0.000556,0.004170
basically,16,0.000156,0.001369
flipflops,14,0.000137,0.001216
rarely,7,0.000068,0.000655
maybe,75,0.000732,0.005285
breaking,43,0.000420,0.003264
putting,22,0.000215,0.001814
pull,21,0.000205,0.001741
bigger,108,0.001054,0.007226
loop,11,0.000107,0.000981
attached,11,0.000107,0.000981
thong,19,0.000185,0.001594
heel,240,0.002343,0.014188
looking,233,0.002274,0.013842
sizes,126,0.001230,0.008241
loooove,3,0.000029,0.000306
fit,1455,0.014202,0.060421
amazing,66,0.000644,0.004733
embarrassed,4,0.000039,0.000396
say,143,0.001396,0.009176
lately,4,0.000039,0.000396
complaint,35,0.000342,0.002727
goes,48,0.000469,0.003592
cuts,10,0.000098,0.000901
overall,92,0.000898,0.006300
tho,7,0.000068,0.000655
office,28,0.000273,0.002242
dress,44,0.000429,0.003330
code,8,0.000078,0.000739
unless,16,0.000156,0.001369
totally,34,0.000332,0.002659
fabric,69,0.000674,0.004919
pretty,235,0.002294,0.013941
stretchy,30,0.000293,0.002382
past,63,0.000615,0.004547
weeks,154,0.001503,0.009771
short,74,0.000722,0.005225
errands,9,0.000088,0.000820
sitting,9,0.000088,0.000820
problem,157,0.001532,0.009932
usual,27,0.000264,0.002172
thing,91,0.000888,0.006241
slide,54,0.000527,0.003979
driving,9,0.000088,0.000820
matches,9,0.000088,0.000820
amazon,158,0.001542,0.009985
far,221,0.002157,0.013243
material,111,0.001083,0.007397
doesnt,125,0.001220,0.008186
make,194,0.001894,0.011872
sore,40,0.000390,0.003064
trying,61,0.000595,0.004422
pregnant,5,0.000049,0.000485
styles,33,0.000322,0.002590
sanuk,10,0.000098,0.000901
prefer,26,0.000254,0.002101
footbed,29,0.000283,0.002313
comparison,8,0.000078,0.000739
probably,83,0.000810,0.005767
kept,25,0.000244,0.002030
band,12,0.000117,0.001060
left,97,0.000947,0.006592
deep,3,0.000029,0.000306
major,18,0.000176,0.001519
plantar,27,0.000264,0.002172
year,444,0.004334,0.023582
yesterday,6,0.000059,0.000571
hope,69,0.000674,0.004919
yoga,32,0.000312,0.002521
soon,61,0.000595,0.004422
excellent,225,0.002196,0.013443
hopefully,33,0.000322,0.002590
proud,4,0.000039,0.000396
owner,3,0.000029,0.000306
second,201,0.001962,0.012230
ordered,440,0.004295,0.023408
color,226,0.002206,0.013493
version,31,0.000303,0.002452
want,113,0.001103,0.007511
extra,122,0.001191,0.008018
room,75,0.000732,0.005285
dangerous,6,0.000059,0.000571
way,223,0.002177,0.013343
tad,25,0.000244,0.002030
snugger,5,0.000049,0.000485
normally,113,0.001103,0.007511
thongs,6,0.000059,0.000571
arches,44,0.000429,0.003330
mat,16,0.000156,0.001369
conform,8,0.000078,0.000739
nicely,32,0.000312,0.002521
flexible,22,0.000215,0.001814
irritation,4,0.000039,0.000396
usually,164,0.001601,0.010305
awesome,139,0.001357,0.008958
able,67,0.000654,0.004795
keen,3,0.000029,0.000306
cloth,20,0.000195,0.001667
tolerable,3,0.000029,0.000306
nice,571,0.005574,0.028925
times,98,0.000957,0.006650
shape,59,0.000576,0.004296
air,50,0.000488,0.003721
highly,114,0.001113,0.007568
hairdresser,4,0.000039,0.000396
told,26,0.000254,0.002101
came,135,0.001318,0.008739
home,48,0.000469,0.003592
looked,73,0.000713,0.005164
days,204,0.001991,0.012383
sensitive,8,0.000078,0.000739
amazingly,17,0.000166,0.001444
rest,27,0.000264,0.002172
tricky,4,0.000039,0.000396
figure,8,0.000078,0.000739
daughter,938,0.009156,0.042971
loves,1195,0.011664,0.051921
bulky,20,0.000195,0.001667
multi,7,0.000068,0.000655
softer,11,0.000107,0.000981
returned,108,0.001054,0.007226
hold,126,0.001230,0.008241
place,42,0.000410,0.003197
falling,62,0.000605,0.004484
feels,129,0.001259,0.008408
cheap,59,0.000576,0.004296
ripping,9,0.000088,0.000820
saw,32,0.000312,0.002521
friend,32,0.000312,0.002521
solid,33,0.000322,0.002590
covering,5,0.000049,0.000485
dig,8,0.000078,0.000739
mind,26,0.000254,0.002101
walked,50,0.000488,0.003721
miles,41,0.000400,0.003131
week,172,0.001679,0.010727
discovered,5,0.000049,0.000485
mile,8,0.000078,0.000739
br,197,0.001923,0.012026
star,50,0.000488,0.003721
comes,40,0.000390,0.003064
black,147,0.001435,0.009394
fell,58,0.000566,0.004233
wonderfully,7,0.000068,0.000655
longer,99,0.000966,0.006708
couple,119,0.001162,0.007850
wide,435,0.004246,0.023191
alternative,8,0.000078,0.000739
plain,12,0.000117,0.001060
water,49,0.000478,0.003657
everyday,83,0.000810,0.005767
class,22,0.000215,0.001814
running,130,0.001269,0.008463
soooo,13,0.000127,0.001139
stay,52,0.000508,0.003850
unlike,15,0.000146,0.001293
easily,84,0.000820,0.005827
large,193,0.001884,0.011820
perfectly,169,0.001650,0.010569
matter,17,0.000166,0.001444
barely,24,0.000234,0.001958
funny,4,0.000039,0.000396
sock,14,0.000137,0.001216
omg,13,0.000127,0.001139
heaven,6,0.000059,0.000571
footwear,23,0.000225,0.001886
brand,175,0.001708,0.010885
went,111,0.001083,0.007397
trip,25,0.000244,0.002030
vegas,4,0.000039,0.000396
end,104,0.001015,0.006997
whatsoever,6,0.000059,0.000571
seriously,10,0.000098,0.000901
travel,8,0.000078,0.000739
bag,3,0.000029,0.000306
stylish,113,0.001103,0.007511
standard,18,0.000176,0.001519
true,143,0.001396,0.009176
looks,137,0.001337,0.008849
good,1415,0.013812,0.059145
neuropathy,5,0.000049,0.000485
insoles,113,0.001103,0.007511
hard,250,0.002440,0.014680
keeps,23,0.000225,0.001886
comparable,6,0.000059,0.000571
best,182,0.001776,0.011251
relatively,10,0.000098,0.000901
rubbed,19,0.000185,0.001594
constantly,35,0.000342,0.002727
eventually,18,0.000176,0.001519
gave,79,0.000771,0.005527
blisters,59,0.000576,0.004296
glad,74,0.000722,0.005225
purchased,235,0.002294,0.013941
liked,85,0.000830,0.005886
thicker,24,0.000234,0.001958
gives,27,0.000264,0.002172
suffer,14,0.000137,0.001216
affordable,21,0.000205,0.001741
month,141,0.001376,0.009068
use,220,0.002147,0.013193
bed,23,0.000225,0.001886
starting,19,0.000185,0.001594
disappointing,30,0.000293,0.002382
hoping,66,0.000644,0.004733
touch,10,0.000098,0.000901
reported,3,0.000029,0.000306
reviewers,20,0.000195,0.001667
used,144,0.001406,0.009231
tighter,21,0.000205,0.001741
fits,235,0.002294,0.013941
types,11,0.000107,0.000981
backs,3,0.000029,0.000306
surgery,21,0.000205,0.001741
years,215,0.002099,0.012941
boy,27,0.000264,0.002172
let,34,0.000332,0.002659
tell,51,0.000498,0.003786
huge,40,0.000390,0.003064
difference,29,0.000283,0.002313
white,92,0.000898,0.006300
swell,7,0.000068,0.000655
miracle,5,0.000049,0.000485
lightweight,107,0.001044,0.007169
lack,22,0.000215,0.001814
beginning,12,0.000117,0.001060
beautiful,75,0.000732,0.005285
ordinary,3,0.000029,0.000306
service,50,0.000488,0.003721
house,42,0.000410,0.003197
barefoot,8,0.000078,0.000739
comfortably,67,0.000654,0.004795
area,76,0.000742,0.005346
brace,9,0.000088,0.000820
picky,19,0.000185,0.001594
height,49,0.000478,0.003657
stretch,68,0.000664,0.004857
loose,103,0.001005,0.006940
changes,5,0.000049,0.000485
adds,5,0.000049,0.000485
significant,5,0.000049,0.000485
tiny,6,0.000059,0.000571
difficulty,8,0.000078,0.000739
beach,9,0.000088,0.000820
pool,8,0.000078,0.000739
street,3,0.000029,0.000306
provide,49,0.000478,0.003657
smart,6,0.000059,0.000571
offered,9,0.000088,0.000820
multicolor,3,0.000029,0.000306
mens,20,0.000195,0.001667
men,8,0.000078,0.000739
wanted,116,0.001132,0.007681
husband,131,0.001279,0.008519
stability,7,0.000068,0.000655
flat,77,0.000752,0.005406
tends,15,0.000146,0.001293
orthopedic,9,0.000088,0.000820
steps,6,0.000059,0.000571
basic,7,0.000068,0.000655
supporting,5,0.000049,0.000485
slip,314,0.003065,0.017739
awkward,7,0.000068,0.000655
spots,10,0.000098,0.000901
youre,45,0.000439,0.003396
example,4,0.000039,0.000396
wife,58,0.000566,0.004233
pleased,77,0.000752,0.005406
slips,21,0.000205,0.001741
literally,24,0.000234,0.001958
actual,14,0.000137,0.001216
stand,78,0.000761,0.005467
bother,18,0.000176,0.001519
light,449,0.004383,0.023798
weight,131,0.001279,0.008519
hardly,4,0.000039,0.000396
squishy,15,0.000146,0.001293
periods,25,0.000244,0.002030
casual,71,0.000693,0.005041
slightly,77,0.000752,0.005406
noticeable,11,0.000107,0.000981
noise,14,0.000137,0.001216
shoesandal,4,0.000039,0.000396
conforms,4,0.000039,0.000396
making,65,0.000634,0.004671
flipflop,7,0.000068,0.000655
thinks,16,0.000156,0.001369
snug,75,0.000732,0.005285
terribly,7,0.000068,0.000655
actually,109,0.001064,0.007284
caught,5,0.000049,0.000485
throw,8,0.000078,0.000739
forward,34,0.000332,0.002659
stayed,11,0.000107,0.000981
took,84,0.000820,0.005827
sent,73,0.000713,0.005164
allow,23,0.000225,0.001886
happen,13,0.000127,0.001139
turn,35,0.000342,0.002727
inward,4,0.000039,0.000396
problems,85,0.000830,0.005886
heels,78,0.000761,0.005467
plan,22,0.000215,0.001814
standing,70,0.000683,0.004980
edge,20,0.000195,0.001667
wouldnt,71,0.000693,0.005041
unable,7,0.000068,0.000655
received,87,0.000849,0.006005
promised,6,0.000059,0.000571
business,16,0.000156,0.001369
seller,32,0.000312,0.002521
cushion,97,0.000947,0.006592
leave,16,0.000156,0.001369
clothes,11,0.000107,0.000981
fast,120,0.001171,0.007906
life,20,0.000195,0.001667
backup,5,0.000049,0.000485
happens,7,0.000068,0.000655
wrapped,3,0.000029,0.000306
shes,66,0.000644,0.004733
skecher,32,0.000312,0.002521
sneakers,210,0.002050,0.012688
surprised,39,0.000381,0.002997
update,53,0.000517,0.003915
missed,4,0.000039,0.000396
return,209,0.002040,0.012638
date,12,0.000117,0.001060
stuck,21,0.000205,0.001741
poor,31,0.000303,0.002452
quality,313,0.003055,0.017692
customer,18,0.000176,0.001519
extremely,128,0.001249,0.008352
lovely,17,0.000166,0.001444
absolutely,130,0.001269,0.008463
sandles,6,0.000059,0.000571
type,47,0.000459,0.003527
chafe,3,0.000029,0.000306
holds,13,0.000127,0.001139
technically,5,0.000049,0.000485
pass,13,0.000127,0.001139
formal,3,0.000029,0.000306
needs,49,0.000478,0.003657
forces,3,0.000029,0.000306
platform,4,0.000039,0.000396
having,64,0.000625,0.004609
wonder,7,0.000068,0.000655
cause,41,0.000400,0.003131
pressure,12,0.000117,0.001060
press,4,0.000039,0.000396
town,10,0.000098,0.000901
key,4,0.000039,0.000396
piece,20,0.000195,0.001667
uncomfortable,165,0.001611,0.010358
cali,9,0.000088,0.000820
womens,29,0.000283,0.002313
oh,10,0.000098,0.000901
owned,63,0.000615,0.004547
case,32,0.000312,0.002521
comfortablei,6,0.000059,0.000571
shoesi,9,0.000088,0.000820
warm,24,0.000234,0.001958
marshmallows,4,0.000039,0.000396
course,28,0.000273,0.002242
rise,3,0.000029,0.000306
ready,16,0.000156,0.001369
needed,144,0.001406,0.009231
strange,10,0.000098,0.000901
comments,12,0.000117,0.001060
thanks,78,0.000761,0.005467
shipping,84,0.000820,0.005827
pictured,6,0.000059,0.000571
ill,72,0.000703,0.005103
cushions,5,0.000049,0.000485
getting,98,0.000957,0.006650
chance,19,0.000185,0.001594
wait,49,0.000478,0.003657
weather,28,0.000273,0.002242
allows,7,0.000068,0.000655
round,10,0.000098,0.000901
base,9,0.000088,0.000820
pronounced,3,0.000029,0.000306
sorry,14,0.000137,0.001216
send,65,0.000634,0.004671
wont,79,0.000771,0.005527
fall,56,0.000547,0.004106
ordering,61,0.000595,0.004422
special,12,0.000117,0.001060
classroom,5,0.000049,0.000485
allowed,6,0.000059,0.000571
minutes,33,0.000322,0.002590
knot,3,0.000029,0.000306
quickly,75,0.000732,0.005285
away,78,0.000761,0.005467
bothered,12,0.000117,0.001060
commercial,12,0.000117,0.001060
suspect,7,0.000068,0.000655
peoples,4,0.000039,0.000396
depending,10,0.000098,0.000901
width,112,0.001093,0.007454
minor,9,0.000088,0.000820
sit,7,0.000068,0.000655
correctly,11,0.000107,0.000981
people,56,0.000547,0.004106
insert,48,0.000469,0.003592
mall,11,0.000107,0.000981
dog,8,0.000078,0.000739
plus,59,0.000576,0.004296
trendy,5,0.000049,0.000485
disney,7,0.000068,0.000655
world,6,0.000059,0.000571
trick,11,0.000107,0.000981
today,32,0.000312,0.002521
dressy,46,0.000449,0.003461
wearings,4,0.000039,0.000396
okay,31,0.000303,0.002452
outside,48,0.000469,0.003592
ones,125,0.001220,0.008186
keeping,16,0.000156,0.001369
quick,38,0.000371,0.002930
offer,24,0.000234,0.001958
terrible,35,0.000342,0.002727
indoors,3,0.000029,0.000306
gone,37,0.000361,0.002863
normal,94,0.000918,0.006417
floppy,5,0.000049,0.000485
guess,31,0.000303,0.002452
try,129,0.001259,0.008408
expensive,48,0.000469,0.003592
construction,25,0.000244,0.002030
makes,117,0.001142,0.007737
theres,20,0.000195,0.001667
tend,28,0.000273,0.002242
avoid,10,0.000098,0.000901
speak,6,0.000059,0.000571
considered,4,0.000039,0.000396
cushiony,18,0.000176,0.001519
likely,15,0.000146,0.001293
run,289,0.002821,0.016561
range,9,0.000088,0.000820
uneven,7,0.000068,0.000655
ground,20,0.000195,0.001667
believe,46,0.000449,0.003461
break,121,0.001181,0.007962
terrific,7,0.000068,0.000655
appear,17,0.000166,0.001444
sizing,44,0.000429,0.003330
rigid,9,0.000088,0.000820
sound,13,0.000127,0.001139
golden,3,0.000029,0.000306
points,3,0.000029,0.000306
tired,38,0.000371,0.002930
dirty,19,0.000185,0.001594
wash,16,0.000156,0.001369
selection,4,0.000039,0.000396
offers,5,0.000049,0.000485
gray,11,0.000107,0.000981
excited,41,0.000400,0.003131
instant,5,0.000049,0.000485
ago,60,0.000586,0.004359
disappoint,13,0.000127,0.001139
capris,8,0.000078,0.000739
sundress,3,0.000029,0.000306
versatile,10,0.000098,0.000901
gorgeous,14,0.000137,0.001216
reasonably,8,0.000078,0.000739
arent,63,0.000615,0.004547
suitable,4,0.000039,0.000396
target,3,0.000029,0.000306
sounds,9,0.000088,0.000820
means,17,0.000166,0.001444
hits,4,0.000039,0.000396
cushioning,40,0.000390,0.003064
bc,7,0.000068,0.000655
squished,3,0.000029,0.000306
somewhat,50,0.000488,0.003721
scratchy,3,0.000029,0.000306
extended,9,0.000088,0.000820
gym,18,0.000176,0.001519
school,195,0.001903,0.011923
described,31,0.000303,0.002452
sooo,13,0.000127,0.001139
unique,6,0.000059,0.000571
pattern,11,0.000107,0.000981
daily,79,0.000771,0.005527
hoped,18,0.000176,0.001519
similar,51,0.000498,0.003786
narrow,220,0.002147,0.013193
foam,381,0.003719,0.020805
memory,349,0.003407,0.019356
added,35,0.000342,0.002727
grip,29,0.000283,0.002313
sloppy,11,0.000107,0.000981
sporty,7,0.000068,0.000655
reviewing,3,0.000029,0.000306
earlier,7,0.000068,0.000655
models,12,0.000117,0.001060
lift,4,0.000039,0.000396
older,23,0.000225,0.001886
tore,8,0.000078,0.000739
paying,3,0.000029,0.000306
window,4,0.000039,0.000396
closed,6,0.000059,0.000571
bad,153,0.001493,0.009717
waste,31,0.000303,0.002452
money,117,0.001142,0.007737
em,21,0.000205,0.001741
likes,121,0.001181,0.007962
guys,4,0.000039,0.000396
te,3,0.000029,0.000306
squeak,15,0.000146,0.001293
kind,61,0.000595,0.004422
online,61,0.000595,0.004422
replacing,4,0.000039,0.000396
season,13,0.000127,0.001139
beats,3,0.000029,0.000306
competition,3,0.000029,0.000306
hands,6,0.000059,0.000571
live,35,0.000342,0.002727
sister,16,0.000156,0.001369
favourite,3,0.000029,0.000306
arrived,89,0.000869,0.006123
original,30,0.000293,0.002382
feminine,7,0.000068,0.000655
liking,8,0.000078,0.000739
uber,3,0.000029,0.000306
girly,12,0.000117,0.001060
appearance,14,0.000137,0.001216
wedges,15,0.000146,0.001293
loosen,16,0.000156,0.001369
covered,9,0.000088,0.000820
idea,26,0.000254,0.002101
returning,50,0.000488,0.003721
chunky,3,0.000029,0.000306
brown,30,0.000293,0.002382
recommended,31,0.000303,0.002452
fan,22,0.000215,0.001814
picture,45,0.000439,0.003396
sexy,3,0.000029,0.000306
period,32,0.000312,0.002521
opening,5,0.000049,0.000485
smell,17,0.000166,0.001444
rubbing,18,0.000176,0.001519
come,112,0.001093,0.007454
upcoming,5,0.000049,0.000485
cruise,6,0.000059,0.000571
stands,7,0.000068,0.000655
correct,27,0.000264,0.002172
hang,8,0.000078,0.000739
sides,44,0.000429,0.003330
inch,24,0.000234,0.001958
additional,13,0.000127,0.001139
gel,46,0.000449,0.003461
pads,4,0.000039,0.000396
available,43,0.000420,0.003264
occasions,5,0.000049,0.000485
sooooo,7,0.000068,0.000655
comfortablebr,9,0.000088,0.000820
winner,4,0.000039,0.000396
tan,6,0.000059,0.000571
exactly,87,0.000849,0.006005
heat,6,0.000059,0.000571
giving,25,0.000244,0.002030
wider,65,0.000634,0.004671
cushioned,31,0.000303,0.002452
hated,8,0.000078,0.000739
realize,13,0.000127,0.001139
outdoor,9,0.000088,0.000820
wedding,7,0.000068,0.000655
stable,7,0.000068,0.000655
areas,9,0.000088,0.000820
total,17,0.000166,0.001444
sparkle,18,0.000176,0.001519
danced,3,0.000029,0.000306
night,32,0.000312,0.002521
reading,25,0.000244,0.002030
reviews,97,0.000947,0.006592
instead,39,0.000381,0.002997
fun,59,0.000576,0.004296
outfit,14,0.000137,0.001216
fabulous,19,0.000185,0.001594
flattering,4,0.000039,0.000396
wedge,39,0.000381,0.002997
soul,6,0.000059,0.000571
delivered,21,0.000205,0.001741
colour,6,0.000059,0.000571
hanging,11,0.000107,0.000981
begin,10,0.000098,0.000901
chose,18,0.000176,0.001519
based,30,0.000293,0.002382
description,17,0.000166,0.001444
shorts,14,0.000137,0.001216
dresses,17,0.000166,0.001444
thembr,18,0.000176,0.001519
shipment,7,0.000068,0.000655
leather,100,0.000976,0.006766
awhile,12,0.000117,0.001060
mom,31,0.000303,0.002452
durable,102,0.000996,0.006882
fitting,32,0.000312,0.002521
broke,54,0.000527,0.003979
unhappy,6,0.000059,0.000571
tops,17,0.000166,0.001444
wears,172,0.001679,0.010727
skin,17,0.000166,0.001444
rough,34,0.000332,0.002659
gets,36,0.000351,0.002795
model,55,0.000537,0.004042
pinched,5,0.000049,0.000485
previously,17,0.000166,0.001444
cut,35,0.000342,0.002727
required,19,0.000185,0.001594
saturday,6,0.000059,0.000571
cheaper,29,0.000283,0.002313
prime,10,0.000098,0.000901
pay,36,0.000351,0.002795
attention,7,0.000068,0.000655
feedback,4,0.000039,0.000396
cutting,13,0.000127,0.001139
package,13,0.000127,0.001139
thank,100,0.000976,0.006766
heavier,22,0.000215,0.001814
impressed,21,0.000205,0.001741
wished,6,0.000059,0.000571
jeans,29,0.000283,0.002313
maxi,3,0.000029,0.000306
runs,65,0.000634,0.004671
rhinestones,24,0.000234,0.001958
saying,16,0.000156,0.001369
thinking,24,0.000234,0.001958
attractive,33,0.000322,0.002590
followed,3,0.000029,0.000306
suggestion,3,0.000029,0.000306
store,108,0.001054,0.007226
write,10,0.000098,0.000901
stiff,58,0.000566,0.004233
werent,24,0.000234,0.001958
skinny,12,0.000117,0.001060
sad,24,0.000234,0.001958
review,52,0.000508,0.003850
receive,11,0.000107,0.000981
worked,46,0.000449,0.003461
doable,3,0.000029,0.000306
typically,20,0.000195,0.001667
start,54,0.000527,0.003979
fix,15,0.000146,0.001293
issue,54,0.000527,0.003979
pulled,19,0.000185,0.001594
completely,50,0.000488,0.003721
products,24,0.000234,0.001958
advertised,23,0.000225,0.001886
useless,4,0.000039,0.000396
non,84,0.000820,0.005827
post,13,0.000127,0.001139
favor,3,0.000029,0.000306
nature,3,0.000029,0.000306
yard,17,0.000166,0.001444
design,82,0.000800,0.005707
ankle,71,0.000693,0.005041
pillows,17,0.000166,0.001444
wasnt,48,0.000469,0.003592
thrilled,14,0.000137,0.001216
painful,25,0.000244,0.002030
tough,19,0.000185,0.001594
red,39,0.000381,0.002997
mark,15,0.000146,0.001293
sandle,3,0.000029,0.000306
healing,3,0.000029,0.000306
marks,7,0.000068,0.000655
healed,4,0.000039,0.000396
pairbr,3,0.000029,0.000306
sold,12,0.000117,0.001060
biggest,4,0.000039,0.000396
floor,48,0.000469,0.003592
balance,32,0.000312,0.002521
soooooo,3,0.000029,0.000306
mother,16,0.000156,0.001369
locally,5,0.000049,0.000485
trouble,26,0.000254,0.002101
generally,18,0.000176,0.001519
switch,18,0.000176,0.001519
particularly,5,0.000049,0.000485
pants,25,0.000244,0.002030
classy,7,0.000068,0.000655
women,13,0.000127,0.001139
ask,16,0.000156,0.001369
worried,11,0.000107,0.000981
roomy,30,0.000293,0.002382
leg,26,0.000254,0.002101
taller,10,0.000098,0.000901
tall,14,0.000137,0.001216
amazed,6,0.000059,0.000571
stretches,10,0.000098,0.000901
constant,8,0.000078,0.000739
worry,16,0.000156,0.001369
rolling,5,0.000049,0.000485
ankles,31,0.000303,0.002452
priced,19,0.000185,0.001594
helps,22,0.000215,0.001814
padding,57,0.000556,0.004170
typical,18,0.000176,0.001519
close,27,0.000264,0.002172
socks,130,0.001269,0.008463
washer,5,0.000049,0.000485
damaged,5,0.000049,0.000485
notice,22,0.000215,0.001814
possible,13,0.000127,0.001139
breakin,7,0.000068,0.000655
job,109,0.001064,0.007284
teacher,11,0.000107,0.000981
important,18,0.000176,0.001519
bone,7,0.000068,0.000655
spurs,7,0.000068,0.000655
weave,7,0.000068,0.000655
space,16,0.000156,0.001369
refund,15,0.000146,0.001293
odor,7,0.000068,0.000655
penny,14,0.000137,0.001216
dissatisfied,6,0.000059,0.000571
began,18,0.000176,0.001519
rate,4,0.000039,0.000396
zero,21,0.000205,0.001741
higher,29,0.000283,0.002313
ages,4,0.000039,0.000396
swelling,4,0.000039,0.000396
camper,4,0.000039,0.000396
flats,16,0.000156,0.001369
slipped,30,0.000293,0.002382
silver,22,0.000215,0.001814
tread,25,0.000244,0.002030
slippery,39,0.000381,0.002997
appropriate,8,0.000078,0.000739
glittery,5,0.000049,0.000485
box,100,0.000976,0.006766
forever,10,0.000098,0.000901
theses,20,0.000195,0.001667
factory,8,0.000078,0.000739
suggest,15,0.000146,0.001293
yes,18,0.000176,0.001519
lunch,6,0.000059,0.000571
bernie,5,0.000049,0.000485
aside,4,0.000039,0.000396
accommodate,7,0.000068,0.000655
squeezed,3,0.000029,0.000306
wouldve,10,0.000098,0.000901
pricing,4,0.000039,0.000396
exchange,33,0.000322,0.002590
spare,8,0.000078,0.000739
personally,6,0.000059,0.000571
average,23,0.000225,0.001886
glove,15,0.000146,0.001293
bounce,4,0.000039,0.000396
fashionable,18,0.000176,0.001519
finding,39,0.000381,0.002997
discontinued,10,0.000098,0.000901
heal,35,0.000342,0.002727
pops,4,0.000039,0.000396
arrive,5,0.000049,0.000485
hurting,46,0.000449,0.003461
helped,24,0.000234,0.001958
god,7,0.000068,0.000655
skirts,15,0.000146,0.001293
known,8,0.000078,0.000739
athletic,19,0.000185,0.001594
friday,3,0.000029,0.000306
finally,37,0.000361,0.002863
slides,15,0.000146,0.001293
leaves,6,0.000059,0.000571
circulation,6,0.000059,0.000571
esp,4,0.000039,0.000396
covers,5,0.000049,0.000485
looser,3,0.000029,0.000306
surgeries,8,0.000078,0.000739
result,4,0.000039,0.000396
working,147,0.001435,0.009394
compare,7,0.000068,0.000655
particular,27,0.000264,0.002172
choices,9,0.000088,0.000820
shopping,23,0.000225,0.001886
smooth,17,0.000166,0.001444
natural,7,0.000068,0.000655
threads,3,0.000029,0.000306
vibrant,14,0.000137,0.001216
multicolored,3,0.000029,0.000306
care,27,0.000264,0.002172
old,476,0.004646,0.024958
supportive,33,0.000322,0.002590
wet,73,0.000713,0.005164
achilles,10,0.000098,0.000901
thinner,11,0.000107,0.000981
insole,115,0.001123,0.007624
form,10,0.000098,0.000901
young,14,0.000137,0.001216
directly,7,0.000068,0.000655
peep,3,0.000029,0.000306
pushed,4,0.000039,0.000396
squeeze,6,0.000059,0.000571
woven,8,0.000078,0.000739
photo,11,0.000107,0.000981
asked,18,0.000176,0.001519
colder,6,0.000059,0.000571
remember,6,0.000059,0.000571
glitter,16,0.000156,0.001369
upset,11,0.000107,0.000981
items,5,0.000049,0.000485
advice,7,0.000068,0.000655
doubt,7,0.000068,0.000655
option,12,0.000117,0.001060
imagine,6,0.000059,0.000571
cuter,12,0.000117,0.001060
options,10,0.000098,0.000901
considering,20,0.000195,0.001667
inexpensive,10,0.000098,0.000901
complaining,10,0.000098,0.000901
moderately,3,0.000029,0.000306
works,70,0.000683,0.004980
justify,3,0.000029,0.000306
immediately,34,0.000332,0.002659
mistake,13,0.000127,0.001139
later,37,0.000361,0.002863
real,50,0.000488,0.003721
sized,20,0.000195,0.001667
inconsistent,6,0.000059,0.000571
clever,4,0.000039,0.000396
provides,15,0.000146,0.001293
halfsize,7,0.000068,0.000655
attire,5,0.000049,0.000485
simply,22,0.000215,0.001814
taupesilver,3,0.000029,0.000306
pic,8,0.000078,0.000739
planning,5,0.000049,0.000485
evening,3,0.000029,0.000306
halfway,3,0.000029,0.000306
shows,17,0.000166,0.001444
cloud,18,0.000176,0.001519
dressier,4,0.000039,0.000396
dance,5,0.000049,0.000485
sweat,17,0.000166,0.001444
outfits,20,0.000195,0.001667
test,12,0.000117,0.001060
fashion,11,0.000107,0.000981
compared,40,0.000390,0.003064
causes,9,0.000088,0.000820
numb,5,0.000049,0.000485
oversized,3,0.000029,0.000306
included,6,0.000059,0.000571
words,6,0.000059,0.000571
mev,4,0.000039,0.000396
envy,3,0.000029,0.000306
tightly,4,0.000039,0.000396
plenty,15,0.000146,0.001293
grandma,5,0.000049,0.000485
shoesbr,30,0.000293,0.002382
postage,6,0.000059,0.000571
defective,11,0.000107,0.000981
instep,15,0.000146,0.001293
suggested,4,0.000039,0.000396
relaxed,26,0.000254,0.002101
taking,20,0.000195,0.001667
guy,14,0.000137,0.001216
straight,16,0.000156,0.001369
nylon,3,0.000029,0.000306
inner,19,0.000185,0.001594
turns,8,0.000078,0.000739
hot,40,0.000390,0.003064
mess,5,0.000049,0.000485
purchasing,38,0.000371,0.002930
denim,4,0.000039,0.000396
farbr,3,0.000029,0.000306
bottoms,21,0.000205,0.001741
enjoying,7,0.000068,0.000655
weak,5,0.000049,0.000485
tear,20,0.000195,0.001667
asks,3,0.000029,0.000306
weird,19,0.000185,0.001594
skip,3,0.000029,0.000306
knew,20,0.000195,0.001667
allday,7,0.000068,0.000655
duck,4,0.000039,0.000396
coverage,5,0.000049,0.000485
allot,4,0.000039,0.000396
wrote,5,0.000049,0.000485
honest,4,0.000039,0.000396
skeptical,11,0.000107,0.000981
materials,15,0.000146,0.001293
alittle,7,0.000068,0.000655
judge,4,0.000039,0.000396
help,68,0.000664,0.004857
lost,14,0.000137,0.001216
holes,22,0.000215,0.001814
marked,4,0.000039,0.000396
darn,5,0.000049,0.000485
internet,3,0.000029,0.000306
knowing,10,0.000098,0.000901
experience,27,0.000264,0.002172
pleasantly,9,0.000088,0.000820
walks,31,0.000303,0.002452
hole,22,0.000215,0.001814
medium,18,0.000176,0.001519
local,31,0.000303,0.002452
error,5,0.000049,0.000485
incredibly,16,0.000156,0.001369
streets,3,0.000029,0.000306
sell,6,0.000059,0.000571
twice,24,0.000234,0.001958
seen,26,0.000254,0.002101
met,7,0.000068,0.000655
slight,9,0.000088,0.000820
hubby,8,0.000078,0.000739
bouncy,7,0.000068,0.000655
factor,4,0.000039,0.000396
previous,43,0.000420,0.003264
opinion,14,0.000137,0.001216
springsummer,4,0.000039,0.000396
caused,27,0.000264,0.002172
family,9,0.000088,0.000820
variety,8,0.000078,0.000739
coming,49,0.000478,0.003657
bring,11,0.000107,0.000981
line,38,0.000371,0.002930
shoesthey,5,0.000049,0.000485
clouds,30,0.000293,0.002382
asap,4,0.000039,0.000396
adjust,17,0.000166,0.001444
threw,8,0.000078,0.000739
spent,13,0.000127,0.001139
dissapointed,3,0.000029,0.000306
held,52,0.000508,0.003850
footbr,4,0.000039,0.000396
secure,9,0.000088,0.000820
youbr,3,0.000029,0.000306
ball,22,0.000215,0.001814
middle,11,0.000107,0.000981
rounded,3,0.000029,0.000306
btw,5,0.000049,0.000485
match,27,0.000264,0.002172
birthday,41,0.000400,0.003131
accommodates,3,0.000029,0.000306
bummed,8,0.000078,0.000739
soak,5,0.000049,0.000485
dancing,4,0.000039,0.000396
near,26,0.000254,0.002101
soften,9,0.000088,0.000820
replace,60,0.000586,0.004359
alot,19,0.000185,0.001594
company,25,0.000244,0.002030
inserts,78,0.000761,0.005467
buckle,4,0.000039,0.000396
pealing,4,0.000039,0.000396
packaging,5,0.000049,0.000485
goodwill,4,0.000039,0.000396
clunky,24,0.000234,0.001958
plastic,35,0.000342,0.002727
metal,13,0.000127,0.001139
rubs,20,0.000195,0.001667
beware,9,0.000088,0.000820
lighting,7,0.000068,0.000655
green,15,0.000146,0.001293
hug,6,0.000059,0.000571
shoei,3,0.000029,0.000306
olive,7,0.000068,0.000655
item,38,0.000371,0.002930
arthritis,6,0.000059,0.000571
worst,27,0.000264,0.002172
badly,9,0.000088,0.000820
scratched,4,0.000039,0.000396
whats,4,0.000039,0.000396
led,3,0.000029,0.000306
interior,6,0.000059,0.000571
number,12,0.000117,0.001060
equal,3,0.000029,0.000306
parts,9,0.000088,0.000820
velcro,94,0.000918,0.006417
delivery,54,0.000527,0.003979
places,11,0.000107,0.000981
pillow,5,0.000049,0.000485
pink,58,0.000566,0.004233
button,18,0.000176,0.001519
decided,46,0.000449,0.003461
scratches,6,0.000059,0.000571
properly,27,0.000264,0.002172
closest,5,0.000049,0.000485
producto,5,0.000049,0.000485
fat,8,0.000078,0.000739
adjustable,5,0.000049,0.000485
gift,65,0.000634,0.004671
originally,14,0.000137,0.001216
appears,12,0.000117,0.001060
stones,8,0.000078,0.000739
brands,39,0.000381,0.002997
dug,4,0.000039,0.000396
holding,61,0.000595,0.004422
meaning,3,0.000029,0.000306
twisted,4,0.000039,0.000396
thumbs,8,0.000078,0.000739
upbr,6,0.000059,0.000571
adorable,82,0.000800,0.005707
bling,13,0.000127,0.001139
kill,7,0.000068,0.000655
continue,22,0.000215,0.001814
lines,6,0.000059,0.000571
consistently,4,0.000039,0.000396
sores,5,0.000049,0.000485
firstbut,3,0.000029,0.000306
adjusted,3,0.000029,0.000306
narrower,15,0.000146,0.001293
die,9,0.000088,0.000820
exposed,7,0.000068,0.000655
bare,5,0.000049,0.000485
complements,4,0.000039,0.000396
apart,149,0.001454,0.009502
horrible,28,0.000273,0.002242
stick,11,0.000107,0.000981
yrs,12,0.000117,0.001060
church,9,0.000088,0.000820
gems,7,0.000068,0.000655
lady,4,0.000039,0.000396
youd,4,0.000039,0.000396
face,5,0.000049,0.000485
read,36,0.000351,0.002795
hesitant,7,0.000068,0.000655
stated,19,0.000185,0.001594
noticed,25,0.000244,0.002030
toms,3,0.000029,0.000306
aware,8,0.000078,0.000739
located,5,0.000049,0.000485
proper,5,0.000049,0.000485
ran,35,0.000342,0.002727
inches,7,0.000068,0.000655
technology,4,0.000039,0.000396
classic,5,0.000049,0.000485
falls,9,0.000088,0.000820
sketcher,58,0.000566,0.004233
story,4,0.000039,0.000396
lining,11,0.000107,0.000981
peeled,10,0.000098,0.000901
future,20,0.000195,0.001667
torn,14,0.000137,0.001216
nearly,27,0.000264,0.002172
market,6,0.000059,0.000571
crazy,24,0.000234,0.001958
miss,6,0.000059,0.000571
wanting,5,0.000049,0.000485
bright,61,0.000595,0.004422
mothers,3,0.000029,0.000306
afraid,9,0.000088,0.000820
lose,10,0.000098,0.000901
theyd,10,0.000098,0.000901
lightning,4,0.000039,0.000396
careful,9,0.000088,0.000820
initially,7,0.000068,0.000655
sz,11,0.000107,0.000981
annoying,18,0.000176,0.001519
age,19,0.000185,0.001594
girls,37,0.000361,0.002863
retail,11,0.000107,0.000981
ridge,4,0.000039,0.000396
tighten,9,0.000088,0.000820
slid,6,0.000059,0.000571
incredible,7,0.000068,0.000655
hugs,3,0.000029,0.000306
walkable,3,0.000029,0.000306
forgiving,3,0.000029,0.000306
neoprene,5,0.000049,0.000485
breaks,6,0.000059,0.000571
success,5,0.000049,0.000485
exception,5,0.000049,0.000485
called,10,0.000098,0.000901
artificial,3,0.000029,0.000306
knees,18,0.000176,0.001519
hip,7,0.000068,0.000655
odd,18,0.000176,0.001519
prevented,3,0.000029,0.000306
add,34,0.000332,0.002659
supports,22,0.000215,0.001814
lacking,8,0.000078,0.000739
adequate,6,0.000059,0.000571
general,17,0.000166,0.001444
appeared,4,0.000039,0.000396
anticipated,4,0.000039,0.000396
regularly,6,0.000059,0.000571
using,42,0.000410,0.003197
raved,3,0.000029,0.000306
concrete,69,0.000674,0.004919
floors,69,0.000674,0.004919
feeling,26,0.000254,0.002101
step,36,0.000351,0.002795
blue,47,0.000459,0.003527
anymore,43,0.000420,0.003264
theyve,24,0.000234,0.001958
sisters,3,0.000029,0.000306
kids,133,0.001298,0.008629
updated,3,0.000029,0.000306
pieces,6,0.000059,0.000571
prevent,7,0.000068,0.000655
shame,5,0.000049,0.000485
trust,9,0.000088,0.000820
spot,13,0.000127,0.001139
ends,8,0.000078,0.000739
shorter,11,0.000107,0.000981
wellmade,12,0.000117,0.001060
sliding,21,0.000205,0.001741
surely,3,0.000029,0.000306
loving,6,0.000059,0.000571
fault,13,0.000127,0.001139
theyll,20,0.000195,0.001667
cuz,6,0.000059,0.000571
ware,9,0.000088,0.000820
park,11,0.000107,0.000981
woman,7,0.000068,0.000655
wants,37,0.000361,0.002863
fly,4,0.000039,0.000396
sits,5,0.000049,0.000485
snugly,5,0.000049,0.000485
sons,20,0.000195,0.001667
reordered,8,0.000078,0.000739
dream,8,0.000078,0.000739
shiny,14,0.000137,0.001216
stores,29,0.000283,0.002313
defect,8,0.000078,0.000739
flaw,7,0.000068,0.000655
says,159,0.001552,0.010039
consider,15,0.000146,0.001293
outbr,4,0.000039,0.000396
wake,3,0.000029,0.000306
china,11,0.000107,0.000981
favorites,6,0.000059,0.000571
needless,11,0.000107,0.000981
america,4,0.000039,0.000396
oddly,4,0.000039,0.000396
parent,3,0.000029,0.000306
living,6,0.000059,0.000571
desert,3,0.000029,0.000306
breathe,15,0.000146,0.001293
timely,6,0.000059,0.000571
manner,3,0.000029,0.000306
requested,7,0.000068,0.000655
disappointment,16,0.000156,0.001369
label,7,0.000068,0.000655
comfotable,4,0.000039,0.000396
uncomfortably,3,0.000029,0.000306
aspect,4,0.000039,0.000396
forget,11,0.000107,0.000981
descent,3,0.000029,0.000306
tennis,44,0.000429,0.003330
knee,15,0.000146,0.001293
bummer,5,0.000049,0.000485
opted,6,0.000059,0.000571
comment,14,0.000137,0.001216
moment,9,0.000088,0.000820
list,4,0.000039,0.000396
alternate,5,0.000049,0.000485
ship,4,0.000039,0.000396
damage,8,0.000078,0.000739
impossible,4,0.000039,0.000396
stays,4,0.000039,0.000396
minute,7,0.000068,0.000655
nicer,7,0.000068,0.000655
providing,9,0.000088,0.000820
obsessed,3,0.000029,0.000306
matching,3,0.000029,0.000306
cost,29,0.000283,0.002313
reasonable,16,0.000156,0.001369
slipper,4,0.000039,0.000396
stitch,3,0.000029,0.000306
complaints,42,0.000410,0.003197
spend,30,0.000293,0.002382
workmanship,7,0.000068,0.000655
appreciate,7,0.000068,0.000655
junk,7,0.000068,0.000655
seven,12,0.000117,0.001060
exchanged,9,0.000088,0.000820
takes,18,0.000176,0.001519
edges,5,0.000049,0.000485
sizesbr,3,0.000029,0.000306
check,10,0.000098,0.000901
loosened,5,0.000049,0.000485
march,9,0.000088,0.000820
snow,14,0.000137,0.001216
april,5,0.000049,0.000485
grateful,3,0.000029,0.000306
existing,3,0.000029,0.000306
inventory,3,0.000029,0.000306
orange,14,0.000137,0.001216
named,3,0.000029,0.000306
relax,3,0.000029,0.000306
europe,10,0.000098,0.000901
unavailable,3,0.000029,0.000306
irritate,3,0.000029,0.000306
luckily,7,0.000068,0.000655
achy,7,0.000068,0.000655
feetbr,7,0.000068,0.000655
cons,7,0.000068,0.000655
pleasant,3,0.000029,0.000306
surprise,11,0.000107,0.000981
expecting,18,0.000176,0.001519
justice,3,0.000029,0.000306
pinky,10,0.000098,0.000901
stress,5,0.000049,0.000485
wrap,4,0.000039,0.000396
shifts,39,0.000381,0.002997
fairly,18,0.000176,0.001519
portion,10,0.000098,0.000901
anti,10,0.000098,0.000901
footed,7,0.000068,0.000655
multiple,7,0.000068,0.000655
stink,5,0.000049,0.000485
happened,14,0.000137,0.001216
searching,9,0.000088,0.000820
choice,20,0.000195,0.001667
newer,4,0.000039,0.000396
row,5,0.000049,0.000485
layer,6,0.000059,0.000571
clear,8,0.000078,0.000739
dinner,5,0.000049,0.000485
sunday,4,0.000039,0.000396
lasted,90,0.000878,0.006182
primary,3,0.000029,0.000306
fitted,10,0.000098,0.000901
hrs,39,0.000381,0.002997
worse,23,0.000225,0.001886
designed,11,0.000107,0.000981
tendinitis,3,0.000029,0.000306
suede,3,0.000029,0.000306
suited,3,0.000029,0.000306
supported,4,0.000039,0.000396
spongy,6,0.000059,0.000571
preferred,5,0.000049,0.000485
firm,8,0.000078,0.000739
excelent,16,0.000156,0.001369
sneaker,86,0.000839,0.005946
busy,14,0.000137,0.001216
standwalk,3,0.000029,0.000306
kinds,5,0.000049,0.000485
extreme,5,0.000049,0.000485
repair,9,0.000088,0.000820
truly,16,0.000156,0.001369
purchases,8,0.000078,0.000739
door,3,0.000029,0.000306
various,4,0.000039,0.000396
telling,5,0.000049,0.000485
addition,11,0.000107,0.000981
sounded,3,0.000029,0.000306
goto,6,0.000059,0.000571
including,13,0.000127,0.001139
paid,25,0.000244,0.002030
replaced,28,0.000273,0.002242
hassle,5,0.000049,0.000485
sort,7,0.000068,0.000655
bothers,3,0.000029,0.000306
casually,3,0.000029,0.000306
dressed,9,0.000088,0.000820
change,34,0.000332,0.002659
surprisingly,10,0.000098,0.000901
rumblers,19,0.000185,0.001594
hangs,4,0.000039,0.000396
broken,41,0.000400,0.003131
push,9,0.000088,0.000820
lil,6,0.000059,0.000571
youll,9,0.000088,0.000820
sealed,4,0.000039,0.000396
wearbr,5,0.000049,0.000485
replacement,32,0.000312,0.002521
adore,3,0.000029,0.000306
understand,10,0.000098,0.000901
rock,11,0.000107,0.000981
clothing,5,0.000049,0.000485
opened,9,0.000088,0.000820
email,6,0.000059,0.000571
choose,11,0.000107,0.000981
slowly,3,0.000029,0.000306
breath,10,0.000098,0.000901
exact,26,0.000254,0.002101
puts,10,0.000098,0.000901
concept,3,0.000029,0.000306
low,31,0.000303,0.002452
liner,5,0.000049,0.000485
experienced,4,0.000039,0.000396
usa,6,0.000059,0.000571
july,6,0.000059,0.000571
overseas,4,0.000039,0.000396
sandalsbr,3,0.000029,0.000306
posted,6,0.000059,0.000571
ring,5,0.000049,0.000485
pad,18,0.000176,0.001519
fitbr,4,0.000039,0.000396
legs,42,0.000410,0.003197
thesebr,4,0.000039,0.000396
staying,4,0.000039,0.000396
entire,23,0.000225,0.001886
placed,6,0.000059,0.000571
reality,3,0.000029,0.000306
dark,15,0.000146,0.001293
combination,6,0.000059,0.000571
imo,3,0.000029,0.000306
strong,22,0.000215,0.001814
glue,27,0.000264,0.002172
stuff,8,0.000078,0.000739
doubts,3,0.000029,0.000306
quiet,3,0.000029,0.000306
noises,3,0.000029,0.000306
babies,4,0.000039,0.000396
waiting,14,0.000137,0.001216
friendly,3,0.000029,0.000306
sale,18,0.000176,0.001519
positive,5,0.000049,0.000485
reviewer,6,0.000059,0.000571
certainly,6,0.000059,0.000571
complete,8,0.000078,0.000739
agree,6,0.000059,0.000571
navy,9,0.000088,0.000820
payless,5,0.000049,0.000485
absorb,5,0.000049,0.000485
gross,3,0.000029,0.000306
pricebr,7,0.000068,0.000655
thankfully,6,0.000059,0.000571
pains,6,0.000059,0.000571
morning,12,0.000117,0.001060
afternoon,3,0.000029,0.000306
fourth,6,0.000059,0.000571
ache,13,0.000127,0.001139
receiving,5,0.000049,0.000485
disneyland,4,0.000039,0.000396
play,34,0.000332,0.002659
confortable,28,0.000273,0.002242
slipbr,3,0.000029,0.000306
sundresses,3,0.000029,0.000306
city,4,0.000039,0.000396
interested,5,0.000049,0.000485
late,6,0.000059,0.000571
daughters,53,0.000517,0.003915
set,23,0.000225,0.001886
amusement,6,0.000059,0.000571
stopped,30,0.000293,0.002382
lacked,3,0.000029,0.000306
present,10,0.000098,0.000901
heart,6,0.000059,0.000571
boots,285,0.002782,0.016370
heals,7,0.000068,0.000655
rating,21,0.000205,0.001741
absolute,4,0.000039,0.000396
proof,17,0.000166,0.001444
drag,3,0.000029,0.000306
picked,12,0.000117,0.001060
clearance,4,0.000039,0.000396
learn,4,0.000039,0.000396
fracture,3,0.000029,0.000306
thrown,6,0.000059,0.000571
weekend,5,0.000049,0.000485
outlet,10,0.000098,0.000901
hopes,6,0.000059,0.000571
shipped,21,0.000205,0.001741
anyways,4,0.000039,0.000396
standards,3,0.000029,0.000306
exceeded,5,0.000049,0.000485
expectations,17,0.000166,0.001444
unbelievable,4,0.000039,0.000396
heavy,145,0.001415,0.009285
studs,5,0.000049,0.000485
padded,18,0.000176,0.001519
visible,9,0.000088,0.000820
sending,19,0.000185,0.001594
missing,5,0.000049,0.000485
ahead,6,0.000059,0.000571
specifically,3,0.000029,0.000306
starts,15,0.000146,0.001293
enjoy,16,0.000156,0.001369
smallest,7,0.000068,0.000655
measure,4,0.000039,0.000396
hotel,3,0.000029,0.000306
sparkles,8,0.000078,0.000739
florida,3,0.000029,0.000306
solution,4,0.000039,0.000396
separate,9,0.000088,0.000820
prevents,3,0.000029,0.000306
possibility,3,0.000029,0.000306
causing,19,0.000185,0.001594
state,6,0.000059,0.000571
happier,8,0.000078,0.000739
asics,9,0.000088,0.000820
crying,3,0.000029,0.000306
mail,7,0.000068,0.000655
mean,13,0.000127,0.001139
inbr,6,0.000059,0.000571
angle,3,0.000029,0.000306
rid,6,0.000059,0.000571
listed,7,0.000068,0.000655
asking,5,0.000049,0.000485
spilled,3,0.000029,0.000306
personal,4,0.000039,0.000396
structure,4,0.000039,0.000396
teach,4,0.000039,0.000396
bronze,5,0.000049,0.000485
bonus,12,0.000117,0.001060
sooner,5,0.000049,0.000485
changed,14,0.000137,0.001216
boat,3,0.000029,0.000306
skid,17,0.000166,0.001444
labeled,6,0.000059,0.000571
incorrectly,4,0.000039,0.000396
forth,6,0.000059,0.000571
moving,11,0.000107,0.000981
double,15,0.000146,0.001293
talking,7,0.000068,0.000655
synthetic,9,0.000088,0.000820
absorbing,3,0.000029,0.000306
food,28,0.000273,0.002242
setting,6,0.000059,0.000571
complain,19,0.000185,0.001594
ridiculously,6,0.000059,0.000571
traction,27,0.000264,0.002172
field,12,0.000117,0.001060
moms,3,0.000029,0.000306
build,7,0.000068,0.000655
speed,4,0.000039,0.000396
reliable,11,0.000107,0.000981
aching,10,0.000098,0.000901
ate,5,0.000049,0.000485
reccomend,3,0.000029,0.000306
slipons,10,0.000098,0.000901
feather,6,0.000059,0.000571
answer,4,0.000039,0.000396
measured,7,0.000068,0.000655
fear,3,0.000029,0.000306
edit,3,0.000029,0.000306
confort,4,0.000039,0.000396
bartender,7,0.000068,0.000655
pushes,3,0.000029,0.000306
hate,19,0.000185,0.001594
hopeful,4,0.000039,0.000396
awsome,4,0.000039,0.000396
gold,6,0.000059,0.000571
chewed,3,0.000029,0.000306
pricey,8,0.000078,0.000739
daybr,8,0.000078,0.000739
lighter,24,0.000234,0.001958
carrying,6,0.000059,0.000571
widths,4,0.000039,0.000396
fair,14,0.000137,0.001216
reorder,8,0.000078,0.000739
hit,22,0.000215,0.001814
slick,10,0.000098,0.000901
downside,4,0.000039,0.000396
greatest,6,0.000059,0.000571
durability,38,0.000371,0.002930
ease,5,0.000049,0.000485
cleaning,5,0.000049,0.000485
kicking,3,0.000029,0.000306
thx,5,0.000049,0.000485
manufacturer,12,0.000117,0.001060
contacted,5,0.000049,0.000485
compromise,3,0.000029,0.000306
occasion,3,0.000029,0.000306
rated,6,0.000059,0.000571
vendor,3,0.000029,0.000306
benefit,3,0.000029,0.000306
include,3,0.000029,0.000306
surface,22,0.000215,0.001814
free,14,0.000137,0.001216
thankyou,3,0.000029,0.000306
yr,35,0.000342,0.002727
event,3,0.000029,0.000306
wearable,8,0.000078,0.000739
blend,3,0.000029,0.000306
impact,5,0.000049,0.000485
tag,8,0.000078,0.000739
fallen,12,0.000117,0.001060
indicated,4,0.000039,0.000396
jog,3,0.000029,0.000306
scandals,3,0.000029,0.000306
importantly,6,0.000059,0.000571
ðŸ˜,6,0.000059,0.000571
require,6,0.000059,0.000571
sizebr,3,0.000029,0.000306
forgot,7,0.000068,0.000655
cramping,4,0.000039,0.000396
beat,23,0.000225,0.001886
complains,8,0.000078,0.000739
bending,3,0.000029,0.000306
wiggle,4,0.000039,0.000396
nonstop,4,0.000039,0.000396
bunion,9,0.000088,0.000820
def,3,0.000029,0.000306
reg,3,0.000029,0.000306
checked,4,0.000039,0.000396
stairs,7,0.000068,0.000655
conditions,10,0.000098,0.000901
fingers,3,0.000029,0.000306
sketches,12,0.000117,0.001060
iam,3,0.000029,0.000306
fixed,6,0.000059,0.000571
ups,38,0.000371,0.002930
injury,3,0.000029,0.000306
toneups,6,0.000059,0.000571
feature,24,0.000234,0.001958
dye,7,0.000068,0.000655
harder,4,0.000039,0.000396
tone,13,0.000127,0.001139
sharp,11,0.000107,0.000981
stupid,6,0.000059,0.000571
brandbr,3,0.000029,0.000306
hiking,6,0.000059,0.000571
flimsy,10,0.000098,0.000901
record,3,0.000029,0.000306
fail,9,0.000088,0.000820
trim,7,0.000068,0.000655
mentioned,7,0.000068,0.000655
jewels,7,0.000068,0.000655
blew,8,0.000078,0.000739
raised,5,0.000049,0.000485
toneup,3,0.000029,0.000306
annoyed,4,0.000039,0.000396
equally,3,0.000029,0.000306
supportbr,8,0.000078,0.000739
june,4,0.000039,0.000396
self,8,0.000078,0.000739
necessary,5,0.000049,0.000485
rugged,13,0.000127,0.001139
pack,3,0.000029,0.000306
hadnt,5,0.000049,0.000485
dollars,13,0.000127,0.001139
ridiculous,10,0.000098,0.000901
faulty,3,0.000029,0.000306
save,19,0.000185,0.001594
walmart,23,0.000225,0.001886
warmer,3,0.000029,0.000306
longest,4,0.000039,0.000396
glued,3,0.000029,0.000306
policy,10,0.000098,0.000901
eliminated,3,0.000029,0.000306
slack,3,0.000029,0.000306
assuming,3,0.000029,0.000306
things,20,0.000195,0.001667
gap,3,0.000029,0.000306
matters,5,0.000049,0.000485
virtually,3,0.000029,0.000306
law,3,0.000029,0.000306
scketchers,3,0.000029,0.000306
specially,5,0.000049,0.000485
pulling,8,0.000078,0.000739
flex,5,0.000049,0.000485
darker,5,0.000049,0.000485
leggings,3,0.000029,0.000306
sparkly,22,0.000215,0.001814
squeaks,3,0.000029,0.000306
instantly,6,0.000059,0.000571
carpet,5,0.000049,0.000485
receipt,5,0.000049,0.000485
worthless,3,0.000029,0.000306
coating,4,0.000039,0.000396
uses,12,0.000117,0.001060
shoebr,11,0.000107,0.000981
value,34,0.000332,0.002659
substantial,3,0.000029,0.000306
funky,5,0.000049,0.000485
follow,5,0.000049,0.000485
suit,5,0.000049,0.000485
cleaned,3,0.000029,0.000306
packed,4,0.000039,0.000396
compliant,4,0.000039,0.000396
negative,15,0.000146,0.001293
grocery,6,0.000059,0.000571
weekends,3,0.000029,0.000306
shouldnt,10,0.000098,0.000901
shock,13,0.000127,0.001139
health,4,0.000039,0.000396
swim,3,0.000029,0.000306
signs,12,0.000117,0.001060
turned,14,0.000137,0.001216
blame,3,0.000029,0.000306
honestly,13,0.000127,0.001139
defiantly,3,0.000029,0.000306
frequently,4,0.000039,0.000396
scraping,3,0.000029,0.000306
won,4,0.000039,0.000396
till,12,0.000117,0.001060
cheaply,10,0.000098,0.000901
intend,3,0.000029,0.000306
injuries,4,0.000039,0.000396
differently,4,0.000039,0.000396
slipon,4,0.000039,0.000396
rocks,3,0.000029,0.000306
shown,11,0.000107,0.000981
information,5,0.000049,0.000485
ability,4,0.000039,0.000396
gal,3,0.000029,0.000306
attempt,5,0.000049,0.000485
purchasebr,3,0.000029,0.000306
laces,115,0.001123,0.007624
ton,3,0.000029,0.000306
grand,19,0.000185,0.001594
split,11,0.000107,0.000981
road,4,0.000039,0.000396
grass,6,0.000059,0.000571
dirt,21,0.000205,0.001741
sport,7,0.000068,0.000655
neon,6,0.000059,0.000571
patent,4,0.000039,0.000396
steep,3,0.000029,0.000306
lasts,7,0.000068,0.000655
linoleum,5,0.000049,0.000485
floorsbr,3,0.000029,0.000306
direct,5,0.000049,0.000485
transaction,4,0.000039,0.000396
changing,8,0.000078,0.000739
treat,7,0.000068,0.000655
stocking,3,0.000029,0.000306
keeper,4,0.000039,0.000396
lite,7,0.000068,0.000655
bucks,13,0.000127,0.001139
claims,5,0.000049,0.000485
undone,6,0.000059,0.000571
son,425,0.004148,0.022754
word,4,0.000039,0.000396
refuses,4,0.000039,0.000396
carefully,3,0.000029,0.000306
body,5,0.000049,0.000485
site,12,0.000117,0.001060
credit,4,0.000039,0.000396
folks,6,0.000059,0.000571
realized,3,0.000029,0.000306
warning,3,0.000029,0.000306
gowalk,10,0.000098,0.000901
strip,3,0.000029,0.000306
wise,13,0.000127,0.001139
allbr,3,0.000029,0.000306
investment,9,0.000088,0.000820
question,5,0.000049,0.000485
packaged,6,0.000059,0.000571
hear,5,0.000049,0.000485
sigh,3,0.000029,0.000306
labor,3,0.000029,0.000306
lawn,3,0.000029,0.000306
occasionally,4,0.000039,0.000396
exercise,5,0.000049,0.000485
carpeted,3,0.000029,0.000306
remove,8,0.000078,0.000739
minimal,9,0.000088,0.000820
activity,4,0.000039,0.000396
spending,7,0.000068,0.000655
note,23,0.000225,0.001886
steel,167,0.001630,0.010464
toed,18,0.000176,0.001519
usage,7,0.000068,0.000655
truck,7,0.000068,0.000655
brought,14,0.000137,0.001216
swap,5,0.000049,0.000485
tied,19,0.000185,0.001594
manufacturing,4,0.000039,0.000396
staff,3,0.000029,0.000306
tow,3,0.000029,0.000306
warned,4,0.000039,0.000396
widebr,4,0.000039,0.000396
drawback,8,0.000078,0.000739
decent,31,0.000303,0.002452
safety,36,0.000351,0.002795
nonslip,52,0.000508,0.003850
gotta,3,0.000029,0.000306
concerned,8,0.000078,0.000739
airports,3,0.000029,0.000306
ruined,6,0.000059,0.000571
pictures,7,0.000068,0.000655
web,3,0.000029,0.000306
severely,3,0.000029,0.000306
andor,6,0.000059,0.000571
sellers,3,0.000029,0.000306
winter,16,0.000156,0.001369
military,4,0.000039,0.000396
waterproof,12,0.000117,0.001060
contacting,3,0.000029,0.000306
warranty,4,0.000039,0.000396
faster,20,0.000195,0.001667
obviously,11,0.000107,0.000981
meant,11,0.000107,0.000981
boot,113,0.001103,0.007511
outer,12,0.000117,0.001060
tongue,33,0.000322,0.002590
environment,26,0.000254,0.002101
frayed,5,0.000049,0.000485
lace,32,0.000312,0.002521
pinches,3,0.000029,0.000306
prices,8,0.000078,0.000739
sufficient,4,0.000039,0.000396
digging,5,0.000049,0.000485
proved,6,0.000059,0.000571
unacceptable,3,0.000029,0.000306
crushed,4,0.000039,0.000396
hammer,3,0.000029,0.000306
stinky,6,0.000059,0.000571
mad,4,0.000039,0.000396
shop,28,0.000273,0.002242
uppers,14,0.000137,0.001216
ripped,25,0.000244,0.002030
crap,4,0.000039,0.000396
amazons,5,0.000049,0.000485
nowbr,4,0.000039,0.000396
paint,15,0.000146,0.001293
restaurant,82,0.000800,0.005707
nursing,16,0.000156,0.001369
student,3,0.000029,0.000306
crews,17,0.000166,0.001444
shift,65,0.000634,0.004671
recomend,7,0.000068,0.000655
occur,3,0.000029,0.000306
slacks,5,0.000049,0.000485
shirt,5,0.000049,0.000485
hospital,9,0.000088,0.000820
collar,3,0.000029,0.000306
muscle,6,0.000059,0.000571
reduce,4,0.000039,0.000396
loud,5,0.000049,0.000485
squeaky,3,0.000029,0.000306
resistant,94,0.000918,0.006417
requires,15,0.000146,0.001293
requirement,3,0.000029,0.000306
kneel,3,0.000029,0.000306
bend,8,0.000078,0.000739
sign,3,0.000029,0.000306
puddles,7,0.000068,0.000655
brother,10,0.000098,0.000901
hes,39,0.000381,0.002997
kitchen,59,0.000576,0.004296
server,16,0.000156,0.001369
pros,6,0.000059,0.000571
custom,4,0.000039,0.000396
eyelets,6,0.000059,0.000571
requiring,4,0.000039,0.000396
sequence,3,0.000029,0.000306
weeksbr,3,0.000029,0.000306
invest,4,0.000039,0.000396
finish,10,0.000098,0.000901
worker,5,0.000049,0.000485
regardless,3,0.000029,0.000306
uniform,25,0.000244,0.002030
recent,5,0.000049,0.000485
develop,3,0.000029,0.000306
meets,10,0.000098,0.000901
barista,5,0.000049,0.000485
slipresistant,16,0.000156,0.001369
slipresistance,3,0.000029,0.000306
failure,3,0.000029,0.000306
itbr,4,0.000039,0.000396
section,5,0.000049,0.000485
seams,12,0.000117,0.001060
begun,3,0.000029,0.000306
resistance,23,0.000225,0.001886
position,4,0.000039,0.000396
tying,7,0.000068,0.000655
level,8,0.000078,0.000739
condition,21,0.000205,0.001741
includes,4,0.000039,0.000396
checking,3,0.000029,0.000306
suppose,6,0.000059,0.000571
gonna,17,0.000166,0.001444
shine,3,0.000029,0.000306
oily,5,0.000049,0.000485
tile,14,0.000137,0.001216
nurse,12,0.000117,0.001060
jump,10,0.000098,0.000901
currently,9,0.000088,0.000820
wings,3,0.000029,0.000306
intact,4,0.000039,0.000396
point,18,0.000176,0.001519
terrain,3,0.000029,0.000306
mud,11,0.000107,0.000981
rain,11,0.000107,0.000981
paced,3,0.000029,0.000306
umpire,3,0.000029,0.000306
adult,12,0.000117,0.001060
games,7,0.000068,0.000655
nike,18,0.000176,0.001519
greatly,3,0.000029,0.000306
rear,5,0.000049,0.000485
tab,3,0.000029,0.000306
hand,4,0.000039,0.000396
dollar,5,0.000049,0.000485
solved,3,0.000029,0.000306
greatbr,6,0.000059,0.000571
party,5,0.000049,0.000485
protection,15,0.000146,0.001293
warehouse,8,0.000078,0.000739
sfc,5,0.000049,0.000485
flooring,5,0.000049,0.000485
restaurants,7,0.000068,0.000655
research,4,0.000039,0.000396
safe,9,0.000088,0.000820
sun,3,0.000029,0.000306
hey,3,0.000029,0.000306
indoor,5,0.000049,0.000485
february,8,0.000078,0.000739
splitting,4,0.000039,0.000396
served,3,0.000029,0.000306
corresponds,3,0.000029,0.000306
seated,3,0.000029,0.000306
man,12,0.000117,0.001060
mechanic,4,0.000039,0.000396
chef,9,0.000088,0.000820
flap,4,0.000039,0.000396
rack,3,0.000029,0.000306
dish,3,0.000029,0.000306
moist,3,0.000029,0.000306
keystone,5,0.000049,0.000485
earth,3,0.000029,0.000306
female,6,0.000059,0.000571
ugly,15,0.000146,0.001293
wow,13,0.000127,0.001139
sticking,4,0.000039,0.000396
practical,6,0.000059,0.000571
muy,5,0.000049,0.000485
bueno,6,0.000059,0.000571
lip,3,0.000029,0.000306
dobr,3,0.000029,0.000306
clinicals,5,0.000049,0.000485
weigh,5,0.000049,0.000485
specific,8,0.000078,0.000739
supposed,22,0.000215,0.001814
breathable,21,0.000205,0.001741
merrills,4,0.000039,0.000396
serving,11,0.000107,0.000981
bartending,4,0.000039,0.000396
seam,12,0.000117,0.001060
removed,6,0.000059,0.000571
orthotics,13,0.000127,0.001139
direction,4,0.000039,0.000396
stiffer,3,0.000029,0.000306
relief,3,0.000029,0.000306
excelente,35,0.000342,0.002727
coffee,4,0.000039,0.000396
digs,5,0.000049,0.000485
situation,3,0.000029,0.000306
surfaces,16,0.000156,0.001369
grease,6,0.000059,0.000571
cement,9,0.000088,0.000820
deals,3,0.000029,0.000306
purposely,3,0.000029,0.000306
needing,6,0.000059,0.000571
destroyed,7,0.000068,0.000655
obvious,3,0.000029,0.000306
curved,3,0.000029,0.000306
destroy,3,0.000029,0.000306
deserve,4,0.000039,0.000396
delivers,3,0.000029,0.000306
built,18,0.000176,0.001519
current,8,0.000078,0.000739
chart,16,0.000156,0.001369
accurate,11,0.000107,0.000981
father,3,0.000029,0.000306
cup,4,0.000039,0.000396
unglued,4,0.000039,0.000396
budget,5,0.000049,0.000485
outdoors,4,0.000039,0.000396
equivalent,5,0.000049,0.000485
separating,9,0.000088,0.000820
squeaking,3,0.000029,0.000306
showing,17,0.000166,0.001444
cracks,3,0.000029,0.000306
allowing,7,0.000068,0.000655
clown,4,0.000039,0.000396
dr,19,0.000185,0.001594
scholls,15,0.000146,0.001293
beating,8,0.000078,0.000739
deliver,4,0.000039,0.000396
arrival,4,0.000039,0.000396
tip,9,0.000088,0.000820
repaired,3,0.000029,0.000306
dad,11,0.000107,0.000981
medical,7,0.000068,0.000655
nikes,10,0.000098,0.000901
uk,8,0.000078,0.000739
according,8,0.000078,0.000739
website,7,0.000068,0.000655
comfortablybr,3,0.000029,0.000306
replacements,3,0.000029,0.000306
abuse,10,0.000098,0.000901
riding,7,0.000068,0.000655
motorcycle,5,0.000049,0.000485
industry,12,0.000117,0.001060
automotive,5,0.000049,0.000485
oil,13,0.000127,0.001139
stops,3,0.000029,0.000306
track,6,0.000059,0.000571
station,3,0.000029,0.000306
scuffed,8,0.000078,0.000739
peeling,18,0.000176,0.001519
bigbr,3,0.000029,0.000306
hangar,3,0.000029,0.000306
ramp,3,0.000029,0.000306
painted,7,0.000068,0.000655
damp,3,0.000029,0.000306
steeltoed,7,0.000068,0.000655
steeltoe,3,0.000029,0.000306
crush,3,0.000029,0.000306
wides,3,0.000029,0.000306
passed,3,0.000029,0.000306
recommending,3,0.000029,0.000306
switched,4,0.000039,0.000396
mandatory,4,0.000039,0.000396
shot,6,0.000059,0.000571
employee,5,0.000049,0.000485
pick,10,0.000098,0.000901
husbands,6,0.000059,0.000571
car,12,0.000117,0.001060
projects,3,0.000029,0.000306
garage,3,0.000029,0.000306
visit,3,0.000029,0.000306
security,5,0.000049,0.000485
garbage,10,0.000098,0.000901
polish,5,0.000049,0.000485
superb,6,0.000059,0.000571
scuff,11,0.000107,0.000981
constructed,13,0.000127,0.001139
maintain,3,0.000029,0.000306
scuffs,4,0.000039,0.000396
duty,8,0.000078,0.000739
professional,13,0.000127,0.001139
cook,6,0.000059,0.000571
hype,3,0.000029,0.000306
dry,17,0.000166,0.001444
upgrade,3,0.000029,0.000306
fixing,3,0.000029,0.000306
hell,8,0.000078,0.000739
lasting,10,0.000098,0.000901
granted,3,0.000029,0.000306
grew,8,0.000078,0.000739
comparing,5,0.000049,0.000485
unusual,4,0.000039,0.000396
guard,3,0.000029,0.000306
wasted,10,0.000098,0.000901
composite,40,0.000390,0.003064
tree,3,0.000029,0.000306
lifting,6,0.000059,0.000571
protecting,3,0.000029,0.000306
tomorrow,6,0.000059,0.000571
peel,5,0.000049,0.000485
anybody,3,0.000029,0.000306
selling,6,0.000059,0.000571
shapeups,12,0.000117,0.001060
enjoyed,7,0.000068,0.000655
bug,3,0.000029,0.000306
dozen,4,0.000039,0.000396
weekbr,3,0.000029,0.000306
auto,4,0.000039,0.000396
eye,8,0.000078,0.000739
power,5,0.000049,0.000485
finds,6,0.000059,0.000571
boyfriend,6,0.000059,0.000571
anxious,4,0.000039,0.000396
calluses,3,0.000029,0.000306
prepared,4,0.000039,0.000396
frustrated,4,0.000039,0.000396
tearing,6,0.000059,0.000571
august,8,0.000078,0.000739
produce,4,0.000039,0.000396
timberland,5,0.000049,0.000485
workboots,3,0.000029,0.000306
approximately,4,0.000039,0.000396
aches,3,0.000029,0.000306
burning,3,0.000029,0.000306
hed,4,0.000039,0.000396
boss,3,0.000029,0.000306
shocked,6,0.000059,0.000571
grade,11,0.000107,0.000981
rip,13,0.000127,0.001139
practically,4,0.000039,0.000396
kicks,5,0.000049,0.000485
approved,9,0.000088,0.000820
refused,3,0.000029,0.000306
serve,5,0.000049,0.000485
basis,5,0.000049,0.000485
clog,16,0.000156,0.001369
clogs,20,0.000195,0.001667
strongly,3,0.000029,0.000306
underneath,4,0.000039,0.000396
ew,4,0.000039,0.000396
hook,5,0.000049,0.000485
lacing,4,0.000039,0.000396
herman,3,0.000029,0.000306
widest,3,0.000029,0.000306
caterpillar,3,0.000029,0.000306
cooler,4,0.000039,0.000396
fatigue,5,0.000049,0.000485
protective,3,0.000029,0.000306
driver,5,0.000049,0.000485
cold,8,0.000078,0.000739
whos,4,0.000039,0.000396
workday,4,0.000039,0.000396
meet,9,0.000088,0.000820
ladders,3,0.000029,0.000306
detectors,3,0.000029,0.000306
wing,8,0.000078,0.000739
union,3,0.000029,0.000306
hurtbr,3,0.000029,0.000306
dead,4,0.000039,0.000396
grow,38,0.000371,0.002930
perform,4,0.000039,0.000396
bout,3,0.000029,0.000306
manufactured,3,0.000029,0.000306
single,7,0.000068,0.000655
stitching,13,0.000127,0.001139
flight,3,0.000029,0.000306
nephew,7,0.000068,0.000655
paper,3,0.000029,0.000306
crack,5,0.000049,0.000485
untied,5,0.000049,0.000485
game,36,0.000351,0.002795
certain,5,0.000049,0.000485
irritated,3,0.000029,0.000306
eyes,4,0.000039,0.000396
sense,6,0.000059,0.000571
gravel,4,0.000039,0.000396
promptly,4,0.000039,0.000396
noslip,4,0.000039,0.000396
machine,14,0.000137,0.001216
finished,3,0.000029,0.000306
wood,6,0.000059,0.000571
prior,7,0.000068,0.000655
sewn,5,0.000049,0.000485
bow,7,0.000068,0.000655
butt,6,0.000059,0.000571
yo,11,0.000107,0.000981
yeah,3,0.000029,0.000306
improvement,4,0.000039,0.000396
afford,5,0.000049,0.000485
adding,5,0.000049,0.000485
patch,3,0.000029,0.000306
ventilation,4,0.000039,0.000396
coworkers,13,0.000127,0.001139
eur,8,0.000078,0.000739
truth,3,0.000029,0.000306
wellbr,3,0.000029,0.000306
consbr,7,0.000068,0.000655
goodbr,5,0.000049,0.000485
prosbr,8,0.000078,0.000739
electrician,3,0.000029,0.000306
series,3,0.000029,0.000306
failed,6,0.000059,0.000571
grind,3,0.000029,0.000306
posture,3,0.000029,0.000306
treads,5,0.000049,0.000485
seeing,8,0.000078,0.000739
crease,3,0.000029,0.000306
everytime,5,0.000049,0.000485
bends,4,0.000039,0.000396
cap,5,0.000049,0.000485
waiter,4,0.000039,0.000396
speedy,4,0.000039,0.000396
orders,3,0.000029,0.000306
fluids,3,0.000029,0.000306
regret,5,0.000049,0.000485
baseball,3,0.000029,0.000306
leaving,4,0.000039,0.000396
goofy,3,0.000029,0.000306
orthotic,4,0.000039,0.000396
gussets,3,0.000029,0.000306
pocket,4,0.000039,0.000396
protect,7,0.000068,0.000655
styling,6,0.000059,0.000571
department,4,0.000039,0.000396
skate,5,0.000049,0.000485
steal,6,0.000059,0.000571
photos,4,0.000039,0.000396
detached,4,0.000039,0.000396
flashing,9,0.000088,0.000820
written,3,0.000029,0.000306
dust,3,0.000029,0.000306
gf,3,0.000029,0.000306
volume,3,0.000029,0.000306
advise,5,0.000049,0.000485
spends,4,0.000039,0.000396
nearest,3,0.000029,0.000306
lab,3,0.000029,0.000306
existent,3,0.000029,0.000306
buyer,5,0.000049,0.000485
closet,6,0.000059,0.000571
separated,10,0.000098,0.000901
stomping,4,0.000039,0.000396
tendon,5,0.000049,0.000485
created,4,0.000039,0.000396
slipproof,3,0.000029,0.000306
suck,4,0.000039,0.000396
jobs,9,0.000088,0.000820
book,4,0.000039,0.000396
weve,17,0.000166,0.001444
overpriced,5,0.000049,0.000485
manager,10,0.000098,0.000901
extrawide,3,0.000029,0.000306
wearer,3,0.000029,0.000306
awful,10,0.000098,0.000901
doctor,4,0.000039,0.000396
converse,6,0.000059,0.000571
nonskid,5,0.000049,0.000485
improved,4,0.000039,0.000396
improve,3,0.000029,0.000306
bleeding,3,0.000029,0.000306
ðŸ,6,0.000059,0.000571
superior,5,0.000049,0.000485
boys,35,0.000342,0.002727
cleats,7,0.000068,0.000655
ice,4,0.000039,0.000396
saved,8,0.000078,0.000739
goods,3,0.000029,0.000306
respond,3,0.000029,0.000306
response,3,0.000029,0.000306
search,5,0.000049,0.000485
fee,4,0.000039,0.000396
control,4,0.000039,0.000396
lets,9,0.000088,0.000820
learned,6,0.000059,0.000571
easter,4,0.000039,0.000396
menu,3,0.000029,0.000306
functional,4,0.000039,0.000396
quit,3,0.000029,0.000306
bearable,3,0.000029,0.000306
plant,3,0.000029,0.000306
finger,4,0.000039,0.000396
pricy,7,0.000068,0.000655
ect,4,0.000039,0.000396
lock,3,0.000029,0.000306
moves,4,0.000039,0.000396
cover,4,0.000039,0.000396
stitches,4,0.000039,0.000396
comp,6,0.000059,0.000571
luck,6,0.000059,0.000571
returns,6,0.000059,0.000571
possibly,6,0.000059,0.000571
bar,8,0.000078,0.000739
increase,3,0.000029,0.000306
facility,3,0.000029,0.000306
sports,13,0.000127,0.001139
carry,3,0.000029,0.000306
muddy,5,0.000049,0.000485
vs,3,0.000029,0.000306
ps,3,0.000029,0.000306
aroundbr,3,0.000029,0.000306
springy,4,0.000039,0.000396
pinch,5,0.000049,0.000485
features,4,0.000039,0.000396
flawless,3,0.000029,0.000306
beds,3,0.000029,0.000306
irritating,4,0.000039,0.000396
ex,3,0.000029,0.000306
protected,3,0.000029,0.000306
early,7,0.000068,0.000655
recovering,5,0.000049,0.000485
recieved,3,0.000029,0.000306
shies,3,0.000029,0.000306
removable,5,0.000049,0.000485
weightbr,3,0.000029,0.000306
mild,3,0.000029,0.000306
fancy,4,0.000039,0.000396
term,3,0.000029,0.000306
mesh,14,0.000137,0.001216
soo,3,0.000029,0.000306
resell,3,0.000029,0.000306
hr,7,0.000068,0.000655
requirements,4,0.000039,0.000396
shose,6,0.000059,0.000571
easier,5,0.000049,0.000485
alloy,7,0.000068,0.000655
mention,7,0.000068,0.000655
drop,9,0.000088,0.000820
boxes,4,0.000039,0.000396
mid,3,0.000029,0.000306
talk,3,0.000029,0.000306
info,3,0.000029,0.000306
plate,8,0.000078,0.000739
activities,7,0.000068,0.000655
sets,7,0.000068,0.000655
climb,3,0.000029,0.000306
lightly,3,0.000029,0.000306
cheapest,4,0.000039,0.000396
chips,3,0.000029,0.000306
shoelaces,8,0.000078,0.000739
despite,11,0.000107,0.000981
wipe,5,0.000049,0.000485
performance,6,0.000059,0.000571
yellow,8,0.000078,0.000739
combo,5,0.000049,0.000485
watching,4,0.000039,0.000396
helpful,6,0.000059,0.000571
bargain,6,0.000059,0.000571
recommendation,5,0.000049,0.000485
outstanding,7,0.000068,0.000655
assumed,3,0.000029,0.000306
flour,3,0.000029,0.000306
wiping,3,0.000029,0.000306
process,4,0.000039,0.000396
womans,4,0.000039,0.000396
waited,5,0.000049,0.000485
shoelace,4,0.000039,0.000396
thirty,3,0.000029,0.000306
bump,4,0.000039,0.000396
expectedbr,4,0.000039,0.000396
convenient,7,0.000068,0.000655
feets,3,0.000029,0.000306
unforgiving,3,0.000029,0.000306
sucks,3,0.000029,0.000306
brick,3,0.000029,0.000306
insul,3,0.000029,0.000306
giant,3,0.000029,0.000306
worrying,3,0.000029,0.000306
waitress,13,0.000127,0.001139
warn,4,0.000039,0.000396
clinical,5,0.000049,0.000485
fade,3,0.000029,0.000306
function,5,0.000049,0.000485
lives,5,0.000049,0.000485
shifting,3,0.000029,0.000306
horribly,3,0.000029,0.000306
print,6,0.000059,0.000571
coworker,4,0.000039,0.000396
risk,5,0.000049,0.000485
manufacturers,4,0.000039,0.000396
tells,7,0.000068,0.000655
ladies,3,0.000029,0.000306
bakery,4,0.000039,0.000396
nurses,3,0.000029,0.000306
runner,6,0.000059,0.000571
sauce,3,0.000029,0.000306
withstand,5,0.000049,0.000485
versions,3,0.000029,0.000306
faced,3,0.000029,0.000306
taken,14,0.000137,0.001216
dlites,4,0.000039,0.000396
perfectos,3,0.000029,0.000306
fortune,3,0.000029,0.000306
toss,3,0.000029,0.000306
january,4,0.000039,0.000396
washed,8,0.000078,0.000739
frills,3,0.000029,0.000306
rains,3,0.000029,0.000306
crocs,4,0.000039,0.000396
ons,3,0.000029,0.000306
tries,4,0.000039,0.000396
burn,4,0.000039,0.000396
bleed,4,0.000039,0.000396
calves,3,0.000029,0.000306
cush,3,0.000029,0.000306
square,5,0.000049,0.000485
gluing,3,0.000029,0.000306
strings,7,0.000068,0.000655
fray,4,0.000039,0.000396
training,5,0.000049,0.000485
dansko,10,0.000098,0.000901
trash,4,0.000039,0.000396
rotate,3,0.000029,0.000306
heard,4,0.000039,0.000396
niece,35,0.000342,0.002727
baby,14,0.000137,0.001216
active,33,0.000322,0.002590
toesbr,3,0.000029,0.000306
concern,3,0.000029,0.000306
killed,5,0.000049,0.000485
rn,4,0.000039,0.000396
monday,6,0.000059,0.000571
colored,7,0.000068,0.000655
softies,3,0.000029,0.000306
bent,3,0.000029,0.000306
washing,8,0.000078,0.000739
ruin,3,0.000029,0.000306
decide,7,0.000068,0.000655
spray,3,0.000029,0.000306
knows,3,0.000029,0.000306
squeaked,3,0.000029,0.000306
dainty,3,0.000029,0.000306
buyers,4,0.000039,0.000396
toebox,3,0.000029,0.000306
depends,3,0.000029,0.000306
listened,4,0.000039,0.000396
fortunately,6,0.000059,0.000571
popping,6,0.000059,0.000571
sweaty,6,0.000059,0.000571
physical,4,0.000039,0.000396
galaxy,3,0.000029,0.000306
slow,3,0.000029,0.000306
prettiest,3,0.000029,0.000306
marshmallow,3,0.000029,0.000306
muscles,3,0.000029,0.000306
watch,4,0.000039,0.000396
compares,3,0.000029,0.000306
calf,3,0.000029,0.000306
danskos,8,0.000078,0.000739
guide,3,0.000029,0.000306
struggle,3,0.000029,0.000306
stood,7,0.000068,0.000655
berkinstocks,3,0.000029,0.000306
popular,9,0.000088,0.000820
pop,3,0.000029,0.000306
apparently,5,0.000049,0.000485
christmas,5,0.000049,0.000485
greasy,4,0.000039,0.000396
stride,15,0.000146,0.001293
ride,7,0.000068,0.000655
younger,4,0.000039,0.000396
marathon,5,0.000049,0.000485
beautifully,3,0.000029,0.000306
neat,3,0.000029,0.000306
animals,3,0.000029,0.000306
saving,6,0.000059,0.000571
terms,4,0.000039,0.000396
commented,3,0.000029,0.000306
assume,6,0.000059,0.000571
pavement,4,0.000039,0.000396
magic,3,0.000029,0.000306
scratch,3,0.000029,0.000306
questions,5,0.000049,0.000485
delighted,5,0.000049,0.000485
ultra,4,0.000039,0.000396
grandson,99,0.000966,0.006708
adores,7,0.000068,0.000655
rush,3,0.000029,0.000306
shell,9,0.000088,0.000820
growing,14,0.000137,0.001216
rite,10,0.000098,0.000901
saucony,3,0.000029,0.000306
spin,4,0.000039,0.000396
yearold,4,0.000039,0.000396
toddlers,5,0.000049,0.000485
granddaughter,130,0.001269,0.008463
rainbow,6,0.000059,0.000571
daycare,5,0.000049,0.000485
bows,4,0.000039,0.000396
lightup,10,0.000098,0.000901
camo,4,0.000039,0.000396
grandaughter,14,0.000137,0.001216
twinkle,69,0.000674,0.004919
toddler,31,0.000303,0.002452
soccer,7,0.000068,0.000655
child,55,0.000537,0.004042
grows,9,0.000088,0.000820
lights,187,0.001825,0.011510
receives,3,0.000029,0.000306
outgrew,6,0.000059,0.000571
kid,72,0.000703,0.005103
granddaughters,10,0.000098,0.000901
request,3,0.000029,0.000306
princess,3,0.000029,0.000306
gorun,4,0.000039,0.000396
proving,3,0.000029,0.000306
minimalist,4,0.000039,0.000396
strike,5,0.000049,0.000485
transition,3,0.000029,0.000306
midfoot,3,0.000029,0.000306
guessing,3,0.000029,0.000306
neutral,4,0.000039,0.000396
trainers,3,0.000029,0.000306
race,4,0.000039,0.000396
runners,4,0.000039,0.000396
camping,3,0.000029,0.000306
dried,3,0.000029,0.000306
canvas,4,0.000039,0.000396
throwing,3,0.000029,0.000306
purposes,4,0.000039,0.000396
shouldve,3,0.000029,0.000306
prompt,3,0.000029,0.000306
parks,3,0.000029,0.000306
tears,3,0.000029,0.000306
jumping,3,0.000029,0.000306
lit,8,0.000078,0.000739
chubby,6,0.000059,0.000571
offbr,4,0.000039,0.000396
cutest,9,0.000088,0.000820
preschool,4,0.000039,0.000396
distracting,3,0.000029,0.000306
battery,5,0.000049,0.000485
zipper,14,0.000137,0.001216
exelente,3,0.000029,0.000306
camp,7,0.000068,0.000655
adults,5,0.000049,0.000485
twinkling,5,0.000049,0.000485
leds,4,0.000039,0.000396
onoff,10,0.000098,0.000901
flash,5,0.000049,0.000485
nieces,6,0.000059,0.000571
childs,7,0.000068,0.000655
sneaks,5,0.000049,0.000485
sleep,4,0.000039,0.000396
grown,7,0.000068,0.000655
buttons,9,0.000088,0.000820
turning,3,0.000029,0.000306
glass,3,0.000029,0.000306
colorful,17,0.000166,0.001444
clearly,3,0.000029,0.000306
darling,5,0.000049,0.000485
children,9,0.000088,0.000820
lucky,4,0.000039,0.000396
jumps,4,0.000039,0.000396
youngest,4,0.000039,0.000396
daugher,3,0.000029,0.000306
sequins,3,0.000029,0.000306
expense,3,0.000029,0.000306
childrens,8,0.000078,0.000739
tv,7,0.000068,0.000655
flashy,3,0.000029,0.000306
daugther,4,0.000039,0.000396
flowers,4,0.000039,0.000396
stitched,3,0.000029,0.000306
preschooler,3,0.000029,0.000306
music,7,0.000068,0.000655
growth,8,0.000078,0.000739
outgrow,3,0.000029,0.000306
closer,3,0.000029,0.000306
contact,4,0.000039,0.000396
satin,3,0.000029,0.000306
playing,13,0.000127,0.001139
playground,6,0.000059,0.000571
purple,16,0.000156,0.001369
learning,3,0.000029,0.000306
kiddo,3,0.000029,0.000306
glow,7,0.000068,0.000655
enjoys,4,0.000039,0.000396
olds,10,0.000098,0.000901
trail,5,0.000049,0.000485
outgrows,8,0.000078,0.000739
plays,11,0.000107,0.000981
turquoise,3,0.000029,0.000306
pe,5,0.000049,0.000485
hates,5,0.000049,0.000485
twins,3,0.000029,0.000306
brightly,5,0.000049,0.000485
doughter,3,0.000029,0.000306
spiderman,5,0.000049,0.000485
washable,9,0.000088,0.000820
measures,3,0.000029,0.000306
springs,6,0.000059,0.000571
win,8,0.000078,0.000739
kindergarten,5,0.000049,0.000485
recess,3,0.000029,0.000306
pockets,3,0.000029,0.000306
jealous,3,0.000029,0.000306
appreciated,3,0.000029,0.000306
grandkids,3,0.000029,0.000306
simon,3,0.000029,0.000306
novelty,3,0.000029,0.000306
gamekicks,4,0.000039,0.000396
compasses,3,0.000029,0.000306
compass,9,0.000088,0.000820
flashlight,4,0.000039,0.000396
obnoxious,3,0.000029,0.000306
main,4,0.000039,0.000396
batteries,3,0.000029,0.000306
embossed,3,0.000029,0.000306
glasses,5,0.000049,0.000485
suction,3,0.000029,0.000306
bionic,7,0.000068,0.000655
gobionic,3,0.000029,0.000306
